locus_tag	ftype	length_bp	gene	EC_number	COG	product
NPL-UPA2_metaspades_Bin_5_2-contigs_00001	CDS	213				hypothetical protein
NPL-UPA2_metaspades_Bin_5_2-contigs_00002	CDS	570	ymdB_1	3.1.1.106	COG2110	O-acetyl-ADP-ribose deacetylase
NPL-UPA2_metaspades_Bin_5_2-contigs_00003	CDS	396	purF_1	2.4.2.14	COG0034	Amidophosphoribosyltransferase
NPL-UPA2_metaspades_Bin_5_2-contigs_00004	CDS	381				hypothetical protein
NPL-UPA2_metaspades_Bin_5_2-contigs_00005	CDS	351				hypothetical protein
NPL-UPA2_metaspades_Bin_5_2-contigs_00006	CDS	426				hypothetical protein
NPL-UPA2_metaspades_Bin_5_2-contigs_00007	CDS	276				hypothetical protein
NPL-UPA2_metaspades_Bin_5_2-contigs_00008	CDS	423				hypothetical protein
NPL-UPA2_metaspades_Bin_5_2-contigs_00009	CDS	609	polC	2.7.7.7		DNA polymerase III PolC-type
NPL-UPA2_metaspades_Bin_5_2-contigs_00010	CDS	969	pknD_1	2.7.11.1		Serine/threonine-protein kinase PknD
NPL-UPA2_metaspades_Bin_5_2-contigs_00011	CDS	153				hypothetical protein
NPL-UPA2_metaspades_Bin_5_2-contigs_00012	CDS	987	prfB			Peptide chain release factor 2
NPL-UPA2_metaspades_Bin_5_2-contigs_00013	CDS	387	spoVG		COG2088	Putative septation protein SpoVG
NPL-UPA2_metaspades_Bin_5_2-contigs_00014	CDS	942	ispE	2.7.1.148	COG1947	4-diphosphocytidyl-2-C-methyl-D-erythritol kinase
NPL-UPA2_metaspades_Bin_5_2-contigs_00015	CDS	399	hisG	2.4.2.17	COG0040	ATP phosphoribosyltransferase
NPL-UPA2_metaspades_Bin_5_2-contigs_00016	CDS	123				hypothetical protein
NPL-UPA2_metaspades_Bin_5_2-contigs_00017	CDS	963		5.1.3.2	COG1088	UDP-glucose 4-epimerase
NPL-UPA2_metaspades_Bin_5_2-contigs_00018	CDS	1155				hypothetical protein
NPL-UPA2_metaspades_Bin_5_2-contigs_00019	CDS	180				hypothetical protein
NPL-UPA2_metaspades_Bin_5_2-contigs_00020	CDS	3075				hypothetical protein
NPL-UPA2_metaspades_Bin_5_2-contigs_00021	CDS	1176				hypothetical protein
NPL-UPA2_metaspades_Bin_5_2-contigs_00022	CDS	399				hypothetical protein
NPL-UPA2_metaspades_Bin_5_2-contigs_00023	CDS	909				hypothetical protein
NPL-UPA2_metaspades_Bin_5_2-contigs_00024	CDS	363				hypothetical protein
NPL-UPA2_metaspades_Bin_5_2-contigs_00025	CDS	681				hypothetical protein
NPL-UPA2_metaspades_Bin_5_2-contigs_00026	CDS	1260	leuC	4.2.1.33	COG0065	3-isopropylmalate dehydratase large subunit
NPL-UPA2_metaspades_Bin_5_2-contigs_00027	CDS	501	DmdB_1	4.2.1.85		2,3-dimethylmalate dehydratase small subunit
NPL-UPA2_metaspades_Bin_5_2-contigs_00028	CDS	1098	icd	1.1.1.42		Isocitrate dehydrogenase [NADP]
NPL-UPA2_metaspades_Bin_5_2-contigs_00029	CDS	1290	purA	6.3.4.4	COG0104	Adenylosuccinate synthetase
NPL-UPA2_metaspades_Bin_5_2-contigs_00030	tRNA	73				tRNA-Lys(ttt)
NPL-UPA2_metaspades_Bin_5_2-contigs_00031	tRNA	86				tRNA-Leu(caa)
NPL-UPA2_metaspades_Bin_5_2-contigs_00032	CDS	1272				hypothetical protein
NPL-UPA2_metaspades_Bin_5_2-contigs_00033	CDS	888	dpnA	2.1.1.72		Modification methylase DpnIIB
NPL-UPA2_metaspades_Bin_5_2-contigs_00034	CDS	630	apgM_1			2,3-bisphosphoglycerate-independent phosphoglycerate mutase
NPL-UPA2_metaspades_Bin_5_2-contigs_00035	CDS	2352				hypothetical protein
NPL-UPA2_metaspades_Bin_5_2-contigs_00036	CDS	1833				hypothetical protein
NPL-UPA2_metaspades_Bin_5_2-contigs_00037	CDS	90				hypothetical protein
NPL-UPA2_metaspades_Bin_5_2-contigs_00038	CDS	318				hypothetical protein
NPL-UPA2_metaspades_Bin_5_2-contigs_00039	CDS	1425	priA	3.6.4.-	COG1198	Primosomal protein N'
NPL-UPA2_metaspades_Bin_5_2-contigs_00040	CDS	552	pyrR			Bifunctional protein PyrR
NPL-UPA2_metaspades_Bin_5_2-contigs_00041	CDS	924	pyrB	2.1.3.2		Aspartate carbamoyltransferase
NPL-UPA2_metaspades_Bin_5_2-contigs_00042	CDS	117				hypothetical protein
NPL-UPA2_metaspades_Bin_5_2-contigs_00043	CDS	735	korB	1.2.7.3	COG1013	2-oxoglutarate oxidoreductase subunit KorB
NPL-UPA2_metaspades_Bin_5_2-contigs_00044	CDS	534				hypothetical protein
NPL-UPA2_metaspades_Bin_5_2-contigs_00045	CDS	549				hypothetical protein
NPL-UPA2_metaspades_Bin_5_2-contigs_00046	CDS	1014	cpoB_1			Cell division coordinator CpoB
NPL-UPA2_metaspades_Bin_5_2-contigs_00047	CDS	168				hypothetical protein
NPL-UPA2_metaspades_Bin_5_2-contigs_00048	CDS	267				hypothetical protein
NPL-UPA2_metaspades_Bin_5_2-contigs_00049	CDS	135				hypothetical protein
NPL-UPA2_metaspades_Bin_5_2-contigs_00050	tRNA	77				tRNA-Arg(cct)
NPL-UPA2_metaspades_Bin_5_2-contigs_00051	CDS	963	strE	4.2.1.46	COG1088	dTDP-glucose 4,6-dehydratase
NPL-UPA2_metaspades_Bin_5_2-contigs_00052	CDS	990				hypothetical protein
NPL-UPA2_metaspades_Bin_5_2-contigs_00053	CDS	420	perR		COG0735	Peroxide operon regulator
NPL-UPA2_metaspades_Bin_5_2-contigs_00054	CDS	120				hypothetical protein
NPL-UPA2_metaspades_Bin_5_2-contigs_00055	CDS	486	hcp	1.7.99.1	COG1151	Hydroxylamine reductase
NPL-UPA2_metaspades_Bin_5_2-contigs_00056	CDS	384				hypothetical protein
NPL-UPA2_metaspades_Bin_5_2-contigs_00057	CDS	222				hypothetical protein
NPL-UPA2_metaspades_Bin_5_2-contigs_00058	CDS	462				hypothetical protein
NPL-UPA2_metaspades_Bin_5_2-contigs_00059	CDS	240				hypothetical protein
NPL-UPA2_metaspades_Bin_5_2-contigs_00060	CDS	429				hypothetical protein
NPL-UPA2_metaspades_Bin_5_2-contigs_00061	CDS	852	ispH	1.17.7.4	COG0761	4-hydroxy-3-methylbut-2-enyl diphosphate reductase
NPL-UPA2_metaspades_Bin_5_2-contigs_00062	CDS	612	plsC	2.3.1.-	COG0204	1-acyl-sn-glycerol-3-phosphate acyltransferase
NPL-UPA2_metaspades_Bin_5_2-contigs_00063	CDS	804	mpa			Proteasome-associated ATPase
NPL-UPA2_metaspades_Bin_5_2-contigs_00064	CDS	510				hypothetical protein
NPL-UPA2_metaspades_Bin_5_2-contigs_00065	CDS	150				hypothetical protein
NPL-UPA2_metaspades_Bin_5_2-contigs_00066	CDS	1896				hypothetical protein
NPL-UPA2_metaspades_Bin_5_2-contigs_00067	CDS	957				hypothetical protein
NPL-UPA2_metaspades_Bin_5_2-contigs_00068	CDS	114				hypothetical protein
NPL-UPA2_metaspades_Bin_5_2-contigs_00069	CDS	492				hypothetical protein
NPL-UPA2_metaspades_Bin_5_2-contigs_00070	CDS	222				hypothetical protein
NPL-UPA2_metaspades_Bin_5_2-contigs_00071	CDS	657	recX			Regulatory protein RecX
NPL-UPA2_metaspades_Bin_5_2-contigs_00072	CDS	288				hypothetical protein
NPL-UPA2_metaspades_Bin_5_2-contigs_00073	CDS	2205		2.3.1.169	COG1152	Carbon monoxide dehydrogenase/acetyl-CoA synthase subunit alpha
NPL-UPA2_metaspades_Bin_5_2-contigs_00074	CDS	543	mreC		COG1792	Cell shape-determining protein MreC
NPL-UPA2_metaspades_Bin_5_2-contigs_00075	CDS	489				hypothetical protein
NPL-UPA2_metaspades_Bin_5_2-contigs_00076	CDS	189				hypothetical protein
NPL-UPA2_metaspades_Bin_5_2-contigs_00077	tRNA	85				tRNA-Ser(tga)
NPL-UPA2_metaspades_Bin_5_2-contigs_00078	CDS	1278	serS	6.1.1.11	COG0172	Serine--tRNA ligase
NPL-UPA2_metaspades_Bin_5_2-contigs_00079	CDS	591	rtcB_1	6.5.1.-		RNA-splicing ligase RtcB
NPL-UPA2_metaspades_Bin_5_2-contigs_00080	CDS	1113	mftC_1	2.-.-.-	COG0535	Putative mycofactocin radical SAM maturase MftC
NPL-UPA2_metaspades_Bin_5_2-contigs_00081	CDS	1104	mftC_2	2.-.-.-	COG0535	Putative mycofactocin radical SAM maturase MftC
NPL-UPA2_metaspades_Bin_5_2-contigs_00082	CDS	288				hypothetical protein
NPL-UPA2_metaspades_Bin_5_2-contigs_00083	CDS	207				hypothetical protein
NPL-UPA2_metaspades_Bin_5_2-contigs_00084	CDS	1959				hypothetical protein
NPL-UPA2_metaspades_Bin_5_2-contigs_00085	CDS	1116	ugtP	2.4.1.315	COG0707	Processive diacylglycerol beta-glucosyltransferase
NPL-UPA2_metaspades_Bin_5_2-contigs_00086	CDS	897	purC	6.3.2.6	COG0152	Phosphoribosylaminoimidazole-succinocarboxamide synthase
NPL-UPA2_metaspades_Bin_5_2-contigs_00087	CDS	546		2.6.1.1	COG0436	Aspartate/prephenate aminotransferase
NPL-UPA2_metaspades_Bin_5_2-contigs_00088	CDS	1455	abfD	4.2.1.120		4-hydroxybutyryl-CoA dehydratase/vinylacetyl-CoA-Delta-isomerase
NPL-UPA2_metaspades_Bin_5_2-contigs_00089	CDS	231				hypothetical protein
NPL-UPA2_metaspades_Bin_5_2-contigs_00090	CDS	1302		2.8.3.-	COG0427	Butyryl-CoA:acetate CoA-transferase
NPL-UPA2_metaspades_Bin_5_2-contigs_00091	CDS	1356				hypothetical protein
	repeat_region	2746				
NPL-UPA2_metaspades_Bin_5_2-contigs_00092	CDS	1020	asd	1.2.1.11	COG0136	Aspartate-semialdehyde dehydrogenase
NPL-UPA2_metaspades_Bin_5_2-contigs_00093	CDS	639	leuB	1.1.1.85	COG0473	3-isopropylmalate dehydrogenase
NPL-UPA2_metaspades_Bin_5_2-contigs_00094	CDS	270	purF_2	2.4.2.14	COG0034	Amidophosphoribosyltransferase
NPL-UPA2_metaspades_Bin_5_2-contigs_00095	CDS	804	purF_3	2.4.2.14	COG0034	Amidophosphoribosyltransferase
NPL-UPA2_metaspades_Bin_5_2-contigs_00096	CDS	378				hypothetical protein
NPL-UPA2_metaspades_Bin_5_2-contigs_00097	tRNA	84				tRNA-Leu(gag)
NPL-UPA2_metaspades_Bin_5_2-contigs_00098	tRNA	74				tRNA-Val(tac)
NPL-UPA2_metaspades_Bin_5_2-contigs_00099	CDS	705				hypothetical protein
NPL-UPA2_metaspades_Bin_5_2-contigs_00100	CDS	174				hypothetical protein
NPL-UPA2_metaspades_Bin_5_2-contigs_00101	CDS	654				IS110 family transposase ISCth8
NPL-UPA2_metaspades_Bin_5_2-contigs_00102	CDS	438				hypothetical protein
NPL-UPA2_metaspades_Bin_5_2-contigs_00103	CDS	1305	amyS	3.2.1.1		Alpha-amylase
NPL-UPA2_metaspades_Bin_5_2-contigs_00104	CDS	1083	pilT_1		COG2805	Twitching mobility protein
NPL-UPA2_metaspades_Bin_5_2-contigs_00105	CDS	600				hypothetical protein
NPL-UPA2_metaspades_Bin_5_2-contigs_00106	CDS	837				hypothetical protein
NPL-UPA2_metaspades_Bin_5_2-contigs_00107	CDS	744				hypothetical protein
NPL-UPA2_metaspades_Bin_5_2-contigs_00108	CDS	120				hypothetical protein
NPL-UPA2_metaspades_Bin_5_2-contigs_00109	CDS	750	comC			Type 4 prepilin-like proteins leader peptide-processing enzyme
NPL-UPA2_metaspades_Bin_5_2-contigs_00110	CDS	1053	ftsA			Cell division protein FtsA
NPL-UPA2_metaspades_Bin_5_2-contigs_00111	CDS	546				hypothetical protein
NPL-UPA2_metaspades_Bin_5_2-contigs_00112	CDS	546				hypothetical protein
NPL-UPA2_metaspades_Bin_5_2-contigs_00113	CDS	483				hypothetical protein
NPL-UPA2_metaspades_Bin_5_2-contigs_00114	CDS	495				hypothetical protein
NPL-UPA2_metaspades_Bin_5_2-contigs_00115	CDS	1293				hypothetical protein
NPL-UPA2_metaspades_Bin_5_2-contigs_00116	CDS	369	aroE	1.1.1.25		Shikimate dehydrogenase (NADP(+))
NPL-UPA2_metaspades_Bin_5_2-contigs_00117	CDS	1698	xpsE		COG2804	Type II secretion system protein E
NPL-UPA2_metaspades_Bin_5_2-contigs_00118	CDS	1086	pilT_2		COG2805	Twitching mobility protein
NPL-UPA2_metaspades_Bin_5_2-contigs_00119	CDS	1221	epsF_1		COG1459	Type II secretion system protein F
NPL-UPA2_metaspades_Bin_5_2-contigs_00120	CDS	207				hypothetical protein
NPL-UPA2_metaspades_Bin_5_2-contigs_00121	CDS	534				hypothetical protein
NPL-UPA2_metaspades_Bin_5_2-contigs_00122	CDS	189				hypothetical protein
NPL-UPA2_metaspades_Bin_5_2-contigs_00123	CDS	267				hypothetical protein
NPL-UPA2_metaspades_Bin_5_2-contigs_00124	CDS	900				hypothetical protein
NPL-UPA2_metaspades_Bin_5_2-contigs_00125	CDS	1146	lpxB	2.4.1.182	COG0763	Lipid-A-disaccharide synthase
NPL-UPA2_metaspades_Bin_5_2-contigs_00126	CDS	921	iolX	1.1.1.370	COG0673	scyllo-inositol 2-dehydrogenase (NAD(+))
NPL-UPA2_metaspades_Bin_5_2-contigs_00127	CDS	762	lpxI	3.6.1.54	COG3494	UDP-2,3-diacylglucosamine pyrophosphatase LpxI
NPL-UPA2_metaspades_Bin_5_2-contigs_00128	CDS	801	lpxA	2.3.1.129		Acyl-[acyl-carrier-protein]--UDP-N-acetylglucosamine O-acyltransferase
NPL-UPA2_metaspades_Bin_5_2-contigs_00129	CDS	1359	lpxC	3.5.1.108		UDP-3-O-acyl-N-acetylglucosamine deacetylase
NPL-UPA2_metaspades_Bin_5_2-contigs_00130	CDS	186				hypothetical protein
NPL-UPA2_metaspades_Bin_5_2-contigs_00131	CDS	1233				hypothetical protein
NPL-UPA2_metaspades_Bin_5_2-contigs_00132	CDS	972				hypothetical protein
NPL-UPA2_metaspades_Bin_5_2-contigs_00133	CDS	474	wecB	5.1.3.14		UDP-N-acetylglucosamine 2-epimerase
NPL-UPA2_metaspades_Bin_5_2-contigs_00134	CDS	2370	lon1	3.4.21.53	COG0466	Lon protease 1
NPL-UPA2_metaspades_Bin_5_2-contigs_00135	CDS	1149		2.6.1.51	COG0075	Serine-pyruvate aminotransferase
NPL-UPA2_metaspades_Bin_5_2-contigs_00136	CDS	843				hypothetical protein
NPL-UPA2_metaspades_Bin_5_2-contigs_00137	CDS	135				hypothetical protein
NPL-UPA2_metaspades_Bin_5_2-contigs_00138	CDS	1080				hypothetical protein
NPL-UPA2_metaspades_Bin_5_2-contigs_00139	CDS	2319	speE_1	2.5.1.16		Polyamine aminopropyltransferase
NPL-UPA2_metaspades_Bin_5_2-contigs_00140	CDS	132				hypothetical protein
NPL-UPA2_metaspades_Bin_5_2-contigs_00141	CDS	513				hypothetical protein
NPL-UPA2_metaspades_Bin_5_2-contigs_00142	CDS	2010	smc		COG1196	Chromosome partition protein Smc
NPL-UPA2_metaspades_Bin_5_2-contigs_00143	CDS	234				hypothetical protein
NPL-UPA2_metaspades_Bin_5_2-contigs_00144	CDS	579	uvrB			UvrABC system protein B
NPL-UPA2_metaspades_Bin_5_2-contigs_00145	CDS	453				hypothetical protein
NPL-UPA2_metaspades_Bin_5_2-contigs_00146	CDS	153				hypothetical protein
NPL-UPA2_metaspades_Bin_5_2-contigs_00147	CDS	837				hypothetical protein
NPL-UPA2_metaspades_Bin_5_2-contigs_00148	CDS	177				hypothetical protein
NPL-UPA2_metaspades_Bin_5_2-contigs_00149	CDS	399				hypothetical protein
NPL-UPA2_metaspades_Bin_5_2-contigs_00150	CDS	426				hypothetical protein
NPL-UPA2_metaspades_Bin_5_2-contigs_00151	CDS	240				hypothetical protein
NPL-UPA2_metaspades_Bin_5_2-contigs_00152	CDS	303				hypothetical protein
NPL-UPA2_metaspades_Bin_5_2-contigs_00153	CDS	1140				hypothetical protein
NPL-UPA2_metaspades_Bin_5_2-contigs_00154	CDS	519				hypothetical protein
NPL-UPA2_metaspades_Bin_5_2-contigs_00155	CDS	2016				hypothetical protein
	repeat_region	1093				
	repeat_region	1506				
NPL-UPA2_metaspades_Bin_5_2-contigs_00156	CDS	801	ftsQ			Cell division protein FtsQ
NPL-UPA2_metaspades_Bin_5_2-contigs_00157	CDS	984	ddl	6.3.2.4		D-alanine--D-alanine ligase
NPL-UPA2_metaspades_Bin_5_2-contigs_00158	CDS	987	murB	1.3.1.98	COG0812	UDP-N-acetylenolpyruvoylglucosamine reductase
NPL-UPA2_metaspades_Bin_5_2-contigs_00159	CDS	1386	murC	6.3.2.8	COG0773	UDP-N-acetylmuramate--L-alanine ligase
NPL-UPA2_metaspades_Bin_5_2-contigs_00160	CDS	1356			COG2239	Magnesium transporter MgtE
NPL-UPA2_metaspades_Bin_5_2-contigs_00161	CDS	654				hypothetical protein
NPL-UPA2_metaspades_Bin_5_2-contigs_00162	CDS	1302				hypothetical protein
NPL-UPA2_metaspades_Bin_5_2-contigs_00163	CDS	324	ybeY	3.1.-.-		Endoribonuclease YbeY
NPL-UPA2_metaspades_Bin_5_2-contigs_00164	CDS	1533				hypothetical protein
NPL-UPA2_metaspades_Bin_5_2-contigs_00165	CDS	1002			COG1702	PhoH-like protein
NPL-UPA2_metaspades_Bin_5_2-contigs_00166	CDS	1305	aspS2	6.1.1.23	COG0017	Aspartate--tRNA(Asp/Asn) ligase
NPL-UPA2_metaspades_Bin_5_2-contigs_00167	CDS	270	hisS	6.1.1.21	COG0124	Histidine--tRNA ligase
NPL-UPA2_metaspades_Bin_5_2-contigs_00168	CDS	399				hypothetical protein
NPL-UPA2_metaspades_Bin_5_2-contigs_00169	CDS	429				Protein archease
NPL-UPA2_metaspades_Bin_5_2-contigs_00170	CDS	399				hypothetical protein
NPL-UPA2_metaspades_Bin_5_2-contigs_00171	CDS	243				hypothetical protein
NPL-UPA2_metaspades_Bin_5_2-contigs_00172	CDS	1173				hypothetical protein
NPL-UPA2_metaspades_Bin_5_2-contigs_00173	CDS	633	tmk	2.7.4.9	COG0125	Thymidylate kinase
NPL-UPA2_metaspades_Bin_5_2-contigs_00174	CDS	603				hypothetical protein
NPL-UPA2_metaspades_Bin_5_2-contigs_00175	CDS	489				hypothetical protein
NPL-UPA2_metaspades_Bin_5_2-contigs_00176	CDS	1668	argS	6.1.1.19		Arginine--tRNA ligase
NPL-UPA2_metaspades_Bin_5_2-contigs_00177	CDS	1137	wbpI	5.1.3.23	COG0381	UDP-2,3-diacetamido-2,3-dideoxy-D-glucuronate 2-epimerase
NPL-UPA2_metaspades_Bin_5_2-contigs_00178	CDS	1734	iolG_1	1.1.1.369		Inositol 2-dehydrogenase/D-chiro-inositol 3-dehydrogenase
NPL-UPA2_metaspades_Bin_5_2-contigs_00179	CDS	387				hypothetical protein
NPL-UPA2_metaspades_Bin_5_2-contigs_00180	CDS	1161	wbpA	1.1.1.136	COG0677	UDP-N-acetyl-D-glucosamine 6-dehydrogenase
NPL-UPA2_metaspades_Bin_5_2-contigs_00181	CDS	444	nsrR			HTH-type transcriptional repressor NsrR
NPL-UPA2_metaspades_Bin_5_2-contigs_00182	CDS	453				hypothetical protein
NPL-UPA2_metaspades_Bin_5_2-contigs_00183	CDS	291				hypothetical protein
NPL-UPA2_metaspades_Bin_5_2-contigs_00184	CDS	585				hypothetical protein
NPL-UPA2_metaspades_Bin_5_2-contigs_00185	CDS	537				hypothetical protein
NPL-UPA2_metaspades_Bin_5_2-contigs_00186	CDS	723				hypothetical protein
NPL-UPA2_metaspades_Bin_5_2-contigs_00187	CDS	864				hypothetical protein
NPL-UPA2_metaspades_Bin_5_2-contigs_00188	CDS	258				hypothetical protein
NPL-UPA2_metaspades_Bin_5_2-contigs_00189	CDS	1590	uvrC			UvrABC system protein C
NPL-UPA2_metaspades_Bin_5_2-contigs_00190	CDS	753				hypothetical protein
NPL-UPA2_metaspades_Bin_5_2-contigs_00191	CDS	1149	iolC	2.7.1.92		5-dehydro-2-deoxygluconokinase
NPL-UPA2_metaspades_Bin_5_2-contigs_00192	CDS	1641	por	1.1.1.-	COG0246	Polyol:NADP oxidoreductase
NPL-UPA2_metaspades_Bin_5_2-contigs_00193	CDS	1002		1.17.1.9		Formate dehydrogenase, mitochondrial
NPL-UPA2_metaspades_Bin_5_2-contigs_00194	CDS	1338				hypothetical protein
NPL-UPA2_metaspades_Bin_5_2-contigs_00195	CDS	1227	preA	1.3.1.1	COG0167	NAD-dependent dihydropyrimidine dehydrogenase subunit PreA
NPL-UPA2_metaspades_Bin_5_2-contigs_00196	CDS	1044	iolG_2	1.1.1.18	COG0673	Myo-inositol 2-dehydrogenase
NPL-UPA2_metaspades_Bin_5_2-contigs_00197	CDS	480				hypothetical protein
NPL-UPA2_metaspades_Bin_5_2-contigs_00198	CDS	279				hypothetical protein
NPL-UPA2_metaspades_Bin_5_2-contigs_00199	CDS	1797				hypothetical protein
NPL-UPA2_metaspades_Bin_5_2-contigs_00200	CDS	441	lipA	2.8.1.8	COG0320	Lipoyl synthase
NPL-UPA2_metaspades_Bin_5_2-contigs_00201	CDS	231	dlaT	2.3.1.12	COG0508	Dihydrolipoyllysine-residue acetyltransferase component of pyruvate dehydrogenase complex
NPL-UPA2_metaspades_Bin_5_2-contigs_00202	CDS	147				hypothetical protein
NPL-UPA2_metaspades_Bin_5_2-contigs_00203	CDS	390				hypothetical protein
NPL-UPA2_metaspades_Bin_5_2-contigs_00204	CDS	726				hypothetical protein
NPL-UPA2_metaspades_Bin_5_2-contigs_00205	CDS	1218				hypothetical protein
NPL-UPA2_metaspades_Bin_5_2-contigs_00206	CDS	777	tam	2.1.1.144		Trans-aconitate 2-methyltransferase
NPL-UPA2_metaspades_Bin_5_2-contigs_00207	CDS	939	gerKI	1.1.1.364		dTDP-4-oxo-6-deoxy-D-allose reductase
NPL-UPA2_metaspades_Bin_5_2-contigs_00208	CDS	1020	carB			Carbamoyl-phosphate synthase large chain
NPL-UPA2_metaspades_Bin_5_2-contigs_00209	CDS	726	ycdX	3.1.3.-		phosphatase YcdX
NPL-UPA2_metaspades_Bin_5_2-contigs_00210	CDS	954	fldI	3.6.1.-		(R)-phenyllactate dehydratase activator
NPL-UPA2_metaspades_Bin_5_2-contigs_00211	CDS	699				hypothetical protein
NPL-UPA2_metaspades_Bin_5_2-contigs_00212	CDS	249				hypothetical protein
NPL-UPA2_metaspades_Bin_5_2-contigs_00213	CDS	345	rbfA			Ribosome-binding factor A
NPL-UPA2_metaspades_Bin_5_2-contigs_00214	CDS	282				hypothetical protein
NPL-UPA2_metaspades_Bin_5_2-contigs_00215	CDS	1482	infB			Translation initiation factor IF-2
NPL-UPA2_metaspades_Bin_5_2-contigs_00216	CDS	1272	thi4	2.4.2.59		Thiamine thiazole synthase
NPL-UPA2_metaspades_Bin_5_2-contigs_00217	CDS	1158				hypothetical protein
NPL-UPA2_metaspades_Bin_5_2-contigs_00218	CDS	120				hypothetical protein
NPL-UPA2_metaspades_Bin_5_2-contigs_00219	CDS	1464				hypothetical protein
NPL-UPA2_metaspades_Bin_5_2-contigs_00220	CDS	1167	amiE	3.5.1.28		N-acetylmuramyl-L-alanine amidase
NPL-UPA2_metaspades_Bin_5_2-contigs_00221	CDS	900	murQ	4.2.1.126	COG2103	N-acetylmuramic acid 6-phosphate etherase
NPL-UPA2_metaspades_Bin_5_2-contigs_00222	CDS	969				hypothetical protein
NPL-UPA2_metaspades_Bin_5_2-contigs_00223	CDS	240				hypothetical protein
NPL-UPA2_metaspades_Bin_5_2-contigs_00224	CDS	789	oppF		COG4608	Oligopeptide transport ATP-binding protein OppF
NPL-UPA2_metaspades_Bin_5_2-contigs_00225	CDS	999	oppD		COG0444	Oligopeptide transport ATP-binding protein OppD
NPL-UPA2_metaspades_Bin_5_2-contigs_00226	CDS	849				hypothetical protein
NPL-UPA2_metaspades_Bin_5_2-contigs_00227	CDS	1029	dppB		COG0601	Dipeptide transport system permease protein DppB
NPL-UPA2_metaspades_Bin_5_2-contigs_00228	CDS	1350				hypothetical protein
NPL-UPA2_metaspades_Bin_5_2-contigs_00229	CDS	447	iscU		COG0822	Iron-sulfur cluster assembly scaffold protein IscU
NPL-UPA2_metaspades_Bin_5_2-contigs_00230	CDS	381	mec	3.13.1.6	COG1310	CysO-cysteine peptidase
NPL-UPA2_metaspades_Bin_5_2-contigs_00231	CDS	327	trxA			Thioredoxin 1
NPL-UPA2_metaspades_Bin_5_2-contigs_00232	CDS	1236				hypothetical protein
NPL-UPA2_metaspades_Bin_5_2-contigs_00233	CDS	285	cysO		COG1977	Sulfur carrier protein CysO
NPL-UPA2_metaspades_Bin_5_2-contigs_00234	CDS	240				hypothetical protein
NPL-UPA2_metaspades_Bin_5_2-contigs_00235	tRNA	73				tRNA-Ala(cgc)
NPL-UPA2_metaspades_Bin_5_2-contigs_00236	CDS	600				hypothetical protein
NPL-UPA2_metaspades_Bin_5_2-contigs_00237	CDS	807				hypothetical protein
NPL-UPA2_metaspades_Bin_5_2-contigs_00238	CDS	1929	cas1	3.1.-.-		CRISPR-associated endonuclease Cas1
NPL-UPA2_metaspades_Bin_5_2-contigs_00239	CDS	276		3.1.-.-	COG1343	CRISPR-associated endoribonuclease Cas2 3
NPL-UPA2_metaspades_Bin_5_2-contigs_00240	CDS	339				hypothetical protein
NPL-UPA2_metaspades_Bin_5_2-contigs_00241	CDS	399				hypothetical protein
NPL-UPA2_metaspades_Bin_5_2-contigs_00242	CDS	210				hypothetical protein
NPL-UPA2_metaspades_Bin_5_2-contigs_00243	CDS	168				hypothetical protein
NPL-UPA2_metaspades_Bin_5_2-contigs_00244	CDS	3087				hypothetical protein
NPL-UPA2_metaspades_Bin_5_2-contigs_00245	CDS	1830	glmS_1	2.6.1.16	COG0449	Glutamine--fructose-6-phosphate aminotransferase [isomerizing]
NPL-UPA2_metaspades_Bin_5_2-contigs_00246	CDS	345	kdsD	5.3.1.13	COG0517	Arabinose 5-phosphate isomerase KdsD
NPL-UPA2_metaspades_Bin_5_2-contigs_00247	CDS	1227				hypothetical protein
NPL-UPA2_metaspades_Bin_5_2-contigs_00248	CDS	1302	siaT		COG1593	Sialic acid TRAP transporter permease protein SiaT
NPL-UPA2_metaspades_Bin_5_2-contigs_00249	CDS	582				hypothetical protein
NPL-UPA2_metaspades_Bin_5_2-contigs_00250	CDS	1062				hypothetical protein
NPL-UPA2_metaspades_Bin_5_2-contigs_00251	CDS	726				hypothetical protein
NPL-UPA2_metaspades_Bin_5_2-contigs_00252	CDS	621	rspR		COG1802	HTH-type transcriptional repressor RspR
NPL-UPA2_metaspades_Bin_5_2-contigs_00253	CDS	837	nadC	2.4.2.19	COG0157	Nicotinate-nucleotide pyrophosphorylase [carboxylating]
NPL-UPA2_metaspades_Bin_5_2-contigs_00254	CDS	918	nadB	1.4.3.16	COG0029	L-aspartate oxidase
NPL-UPA2_metaspades_Bin_5_2-contigs_00255	CDS	513	ntpD			V-type sodium ATPase subunit D
NPL-UPA2_metaspades_Bin_5_2-contigs_00256	CDS	732	ispD	2.7.7.60	COG1211	2-C-methyl-D-erythritol 4-phosphate cytidylyltransferase
NPL-UPA2_metaspades_Bin_5_2-contigs_00257	CDS	471	ispF	4.6.1.12	COG0245	2-C-methyl-D-erythritol 2,4-cyclodiphosphate synthase
NPL-UPA2_metaspades_Bin_5_2-contigs_00258	CDS	798	griI	4.1.2.56	COG1830	2-amino-4,5-dihydroxy-6-oxo-7-(phosphonooxy)heptanoate synthase
NPL-UPA2_metaspades_Bin_5_2-contigs_00259	CDS	993	griH_1	4.1.99.20	COG1465	3-amino-4-hydroxybenzoic acid synthase
NPL-UPA2_metaspades_Bin_5_2-contigs_00260	CDS	345	hldE_1		COG2870	Bifunctional protein HldE
NPL-UPA2_metaspades_Bin_5_2-contigs_00261	CDS	621	hisB_1	3.1.3.15		Histidine biosynthesis bifunctional protein HisB
NPL-UPA2_metaspades_Bin_5_2-contigs_00262	CDS	825	kdsA	2.5.1.55	COG2877	2-dehydro-3-deoxyphosphooctonate aldolase
NPL-UPA2_metaspades_Bin_5_2-contigs_00263	CDS	408	murE	6.3.2.37	COG0769	UDP-N-acetylmuramoyl-L-alanyl-D-glutamate--LD-lysine ligase
NPL-UPA2_metaspades_Bin_5_2-contigs_00264	CDS	1473	fpgS	6.3.2.17		Folylpolyglutamate synthase
NPL-UPA2_metaspades_Bin_5_2-contigs_00265	CDS	978	dnaG	2.7.7.-		DNA primase
NPL-UPA2_metaspades_Bin_5_2-contigs_00266	CDS	654				hypothetical protein
NPL-UPA2_metaspades_Bin_5_2-contigs_00267	CDS	1473				hypothetical protein
NPL-UPA2_metaspades_Bin_5_2-contigs_00268	CDS	108				hypothetical protein
NPL-UPA2_metaspades_Bin_5_2-contigs_00269	CDS	291				hypothetical protein
NPL-UPA2_metaspades_Bin_5_2-contigs_00270	CDS	255				hypothetical protein
NPL-UPA2_metaspades_Bin_5_2-contigs_00271	CDS	1635	pqqE	1.21.98.4		PqqA peptide cyclase
NPL-UPA2_metaspades_Bin_5_2-contigs_00272	tRNA	76				tRNA-Gln(ctg)
NPL-UPA2_metaspades_Bin_5_2-contigs_00273	CDS	999	thiI	2.8.1.4		tRNA sulfurtransferase
NPL-UPA2_metaspades_Bin_5_2-contigs_00274	CDS	912				hypothetical protein
NPL-UPA2_metaspades_Bin_5_2-contigs_00275	CDS	222	hflC		COG0330	Modulator of FtsH protease HflC
NPL-UPA2_metaspades_Bin_5_2-contigs_00276	CDS	375				hypothetical protein
NPL-UPA2_metaspades_Bin_5_2-contigs_00277	CDS	459				hypothetical protein
NPL-UPA2_metaspades_Bin_5_2-contigs_00278	CDS	894				hypothetical protein
NPL-UPA2_metaspades_Bin_5_2-contigs_00279	CDS	297				hypothetical protein
NPL-UPA2_metaspades_Bin_5_2-contigs_00280	CDS	999				hypothetical protein
NPL-UPA2_metaspades_Bin_5_2-contigs_00281	CDS	798				hypothetical protein
NPL-UPA2_metaspades_Bin_5_2-contigs_00282	CDS	252	rex			Redox-sensing transcriptional repressor Rex
NPL-UPA2_metaspades_Bin_5_2-contigs_00283	CDS	1026				hypothetical protein
NPL-UPA2_metaspades_Bin_5_2-contigs_00284	CDS	690	baeS	2.7.13.3	COG0642	Signal transduction histidine-protein kinase BaeS
NPL-UPA2_metaspades_Bin_5_2-contigs_00285	CDS	2196				hypothetical protein
NPL-UPA2_metaspades_Bin_5_2-contigs_00286	CDS	366				hypothetical protein
NPL-UPA2_metaspades_Bin_5_2-contigs_00287	CDS	177				hypothetical protein
NPL-UPA2_metaspades_Bin_5_2-contigs_00288	CDS	216				hypothetical protein
NPL-UPA2_metaspades_Bin_5_2-contigs_00289	CDS	714	pncC	3.5.1.42	COG1058	Nicotinamide-nucleotide amidohydrolase PncC
NPL-UPA2_metaspades_Bin_5_2-contigs_00290	CDS	576	thpR	3.1.4.58		RNA 2',3'-cyclic phosphodiesterase
NPL-UPA2_metaspades_Bin_5_2-contigs_00291	CDS	1341	spsI		COG0558	Bifunctional IPC transferase and DIPP synthase
NPL-UPA2_metaspades_Bin_5_2-contigs_00292	CDS	1092	ino1	5.5.1.4	COG1260	Inositol-3-phosphate synthase
NPL-UPA2_metaspades_Bin_5_2-contigs_00293	CDS	342				hypothetical protein
NPL-UPA2_metaspades_Bin_5_2-contigs_00294	CDS	954				hypothetical protein
NPL-UPA2_metaspades_Bin_5_2-contigs_00295	CDS	576	gmhA	5.3.1.28	COG0279	Phosphoheptose isomerase
NPL-UPA2_metaspades_Bin_5_2-contigs_00296	CDS	477	hldE_2		COG2870	Bifunctional protein HldE
NPL-UPA2_metaspades_Bin_5_2-contigs_00297	CDS	492				hypothetical protein
NPL-UPA2_metaspades_Bin_5_2-contigs_00298	CDS	933	lnrL_1	3.6.3.-	COG1131	Linearmycin resistance ATP-binding protein LnrL
NPL-UPA2_metaspades_Bin_5_2-contigs_00299	CDS	900				hypothetical protein
NPL-UPA2_metaspades_Bin_5_2-contigs_00300	CDS	468	alaC	2.6.1.2	COG0436	Glutamate-pyruvate aminotransferase AlaC
NPL-UPA2_metaspades_Bin_5_2-contigs_00301	CDS	255				hypothetical protein
NPL-UPA2_metaspades_Bin_5_2-contigs_00302	CDS	732				hypothetical protein
NPL-UPA2_metaspades_Bin_5_2-contigs_00303	CDS	126				hypothetical protein
NPL-UPA2_metaspades_Bin_5_2-contigs_00304	CDS	549				hypothetical protein
NPL-UPA2_metaspades_Bin_5_2-contigs_00305	CDS	369	bepA_1	3.4.-.-		Beta-barrel assembly-enhancing protease
NPL-UPA2_metaspades_Bin_5_2-contigs_00306	CDS	597	tmung	3.2.2.27	COG1573	Type-4 uracil-DNA glycosylase
NPL-UPA2_metaspades_Bin_5_2-contigs_00307	CDS	366				hypothetical protein
NPL-UPA2_metaspades_Bin_5_2-contigs_00308	CDS	1926	rnd_1	3.1.13.5		Ribonuclease D
NPL-UPA2_metaspades_Bin_5_2-contigs_00309	CDS	414				hypothetical protein
NPL-UPA2_metaspades_Bin_5_2-contigs_00310	CDS	585				hypothetical protein
NPL-UPA2_metaspades_Bin_5_2-contigs_00311	CDS	609				hypothetical protein
NPL-UPA2_metaspades_Bin_5_2-contigs_00312	CDS	315	djlA			Co-chaperone protein DjlA
NPL-UPA2_metaspades_Bin_5_2-contigs_00313	CDS	633				hypothetical protein
NPL-UPA2_metaspades_Bin_5_2-contigs_00314	CDS	696				hypothetical protein
NPL-UPA2_metaspades_Bin_5_2-contigs_00315	CDS	522				hypothetical protein
NPL-UPA2_metaspades_Bin_5_2-contigs_00316	CDS	783				hypothetical protein
NPL-UPA2_metaspades_Bin_5_2-contigs_00317	CDS	831				hypothetical protein
NPL-UPA2_metaspades_Bin_5_2-contigs_00318	CDS	1449	purL	6.3.5.3	COG0046	Phosphoribosylformylglycinamidine synthase subunit PurL
NPL-UPA2_metaspades_Bin_5_2-contigs_00319	CDS	273				hypothetical protein
NPL-UPA2_metaspades_Bin_5_2-contigs_00320	CDS	141				hypothetical protein
NPL-UPA2_metaspades_Bin_5_2-contigs_00321	CDS	444	dtd	3.1.1.96	COG1490	D-aminoacyl-tRNA deacylase
NPL-UPA2_metaspades_Bin_5_2-contigs_00322	CDS	1221				hypothetical protein
NPL-UPA2_metaspades_Bin_5_2-contigs_00323	CDS	1041				hypothetical protein
NPL-UPA2_metaspades_Bin_5_2-contigs_00324	CDS	987				hypothetical protein
NPL-UPA2_metaspades_Bin_5_2-contigs_00325	CDS	1368				hypothetical protein
NPL-UPA2_metaspades_Bin_5_2-contigs_00326	CDS	228				hypothetical protein
NPL-UPA2_metaspades_Bin_5_2-contigs_00327	CDS	585				hypothetical protein
NPL-UPA2_metaspades_Bin_5_2-contigs_00328	CDS	723				hypothetical protein
NPL-UPA2_metaspades_Bin_5_2-contigs_00329	CDS	408			COG0328	Bifunctional protein
NPL-UPA2_metaspades_Bin_5_2-contigs_00330	CDS	426				hypothetical protein
NPL-UPA2_metaspades_Bin_5_2-contigs_00331	CDS	450	mraZ			Transcriptional regulator MraZ
NPL-UPA2_metaspades_Bin_5_2-contigs_00332	CDS	927	rsmH	2.1.1.199		Ribosomal RNA small subunit methyltransferase H
NPL-UPA2_metaspades_Bin_5_2-contigs_00333	CDS	327	ftsL			Cell division protein FtsL
NPL-UPA2_metaspades_Bin_5_2-contigs_00334	CDS	369				hypothetical protein
NPL-UPA2_metaspades_Bin_5_2-contigs_00335	CDS	438				hypothetical protein
NPL-UPA2_metaspades_Bin_5_2-contigs_00336	CDS	612				hypothetical protein
NPL-UPA2_metaspades_Bin_5_2-contigs_00337	CDS	276				hypothetical protein
NPL-UPA2_metaspades_Bin_5_2-contigs_00338	CDS	549	hom	1.1.1.3	COG0460	Homoserine dehydrogenase
NPL-UPA2_metaspades_Bin_5_2-contigs_00339	CDS	1062	thrC	4.2.3.1	COG0498	Threonine synthase
NPL-UPA2_metaspades_Bin_5_2-contigs_00340	CDS	294				hypothetical protein
NPL-UPA2_metaspades_Bin_5_2-contigs_00341	CDS	396	ispA	2.5.1.10	COG0142	Farnesyl diphosphate synthase
NPL-UPA2_metaspades_Bin_5_2-contigs_00342	CDS	204	rsxB	7.-.-.-		Ion-translocating oxidoreductase complex subunit B
NPL-UPA2_metaspades_Bin_5_2-contigs_00343	CDS	861	argB	2.7.2.8	COG0548	Acetylglutamate kinase
NPL-UPA2_metaspades_Bin_5_2-contigs_00344	CDS	1248	argD	2.6.1.11	COG4992	Acetylornithine aminotransferase
NPL-UPA2_metaspades_Bin_5_2-contigs_00345	CDS	603				hypothetical protein
NPL-UPA2_metaspades_Bin_5_2-contigs_00346	CDS	858	yciV	3.1.13.-	COG0613	5'-3' exoribonuclease
NPL-UPA2_metaspades_Bin_5_2-contigs_00347	CDS	1176				hypothetical protein
NPL-UPA2_metaspades_Bin_5_2-contigs_00348	CDS	732				hypothetical protein
NPL-UPA2_metaspades_Bin_5_2-contigs_00349	CDS	492				hypothetical protein
NPL-UPA2_metaspades_Bin_5_2-contigs_00350	CDS	498				hypothetical protein
NPL-UPA2_metaspades_Bin_5_2-contigs_00351	CDS	1218				hypothetical protein
NPL-UPA2_metaspades_Bin_5_2-contigs_00352	CDS	1140	recB	3.1.11.5		RecBCD enzyme subunit RecB
NPL-UPA2_metaspades_Bin_5_2-contigs_00353	CDS	1038	gutB	1.1.1.-	COG1063	Sorbitol dehydrogenase
NPL-UPA2_metaspades_Bin_5_2-contigs_00354	tRNA	74				tRNA-Ala(ggc)
NPL-UPA2_metaspades_Bin_5_2-contigs_00355	CDS	750	mshA_1	2.4.1.250		D-inositol-3-phosphate glycosyltransferase
NPL-UPA2_metaspades_Bin_5_2-contigs_00356	CDS	273				hypothetical protein
NPL-UPA2_metaspades_Bin_5_2-contigs_00357	CDS	591	kdkA	2.7.1.166		3-deoxy-D-manno-octulosonic acid kinase
NPL-UPA2_metaspades_Bin_5_2-contigs_00358	CDS	855				hypothetical protein
NPL-UPA2_metaspades_Bin_5_2-contigs_00359	CDS	384				hypothetical protein
NPL-UPA2_metaspades_Bin_5_2-contigs_00360	CDS	201				hypothetical protein
NPL-UPA2_metaspades_Bin_5_2-contigs_00361	CDS	1599	rny	3.1.-.-	COG1418	Ribonuclease Y
NPL-UPA2_metaspades_Bin_5_2-contigs_00362	CDS	1626				hypothetical protein
NPL-UPA2_metaspades_Bin_5_2-contigs_00363	CDS	546				hypothetical protein
NPL-UPA2_metaspades_Bin_5_2-contigs_00364	CDS	405	tolB		COG0823	Tol-Pal system protein TolB
NPL-UPA2_metaspades_Bin_5_2-contigs_00365	CDS	906				hypothetical protein
NPL-UPA2_metaspades_Bin_5_2-contigs_00366	CDS	690				hypothetical protein
NPL-UPA2_metaspades_Bin_5_2-contigs_00367	CDS	702			COG2861	putative protein
NPL-UPA2_metaspades_Bin_5_2-contigs_00368	CDS	987	trxB	1.8.1.9		Thioredoxin reductase
NPL-UPA2_metaspades_Bin_5_2-contigs_00369	CDS	1623	nqrF_1	7.2.1.1		Na(+)-translocating NADH-quinone reductase subunit F
NPL-UPA2_metaspades_Bin_5_2-contigs_00370	CDS	513	def	3.5.1.88	COG0242	Peptide deformylase
NPL-UPA2_metaspades_Bin_5_2-contigs_00371	CDS	240				hypothetical protein
NPL-UPA2_metaspades_Bin_5_2-contigs_00372	CDS	147				hypothetical protein
NPL-UPA2_metaspades_Bin_5_2-contigs_00373	CDS	468	rimI	2.3.1.266	COG0456	[Ribosomal protein S18]-alanine N-acetyltransferase
NPL-UPA2_metaspades_Bin_5_2-contigs_00374	CDS	180				hypothetical protein
NPL-UPA2_metaspades_Bin_5_2-contigs_00375	CDS	942	miaA	2.5.1.75	COG0324	tRNA dimethylallyltransferase
NPL-UPA2_metaspades_Bin_5_2-contigs_00376	CDS	342	hfq			RNA-binding protein Hfq
NPL-UPA2_metaspades_Bin_5_2-contigs_00377	CDS	1269	hflX		COG2262	GTPase HflX
NPL-UPA2_metaspades_Bin_5_2-contigs_00378	CDS	453	nudC	3.6.1.22		NADH pyrophosphatase
NPL-UPA2_metaspades_Bin_5_2-contigs_00379	CDS	393				hypothetical protein
NPL-UPA2_metaspades_Bin_5_2-contigs_00380	CDS	720				hypothetical protein
NPL-UPA2_metaspades_Bin_5_2-contigs_00381	CDS	3105				hypothetical protein
NPL-UPA2_metaspades_Bin_5_2-contigs_00382	CDS	1989				hypothetical protein
NPL-UPA2_metaspades_Bin_5_2-contigs_00383	CDS	1233				hypothetical protein
NPL-UPA2_metaspades_Bin_5_2-contigs_00384	CDS	615				hypothetical protein
NPL-UPA2_metaspades_Bin_5_2-contigs_00385	CDS	330				hypothetical protein
NPL-UPA2_metaspades_Bin_5_2-contigs_00386	CDS	249				hypothetical protein
NPL-UPA2_metaspades_Bin_5_2-contigs_00387	CDS	330				hypothetical protein
NPL-UPA2_metaspades_Bin_5_2-contigs_00388	CDS	744				hypothetical protein
NPL-UPA2_metaspades_Bin_5_2-contigs_00389	CDS	720				hypothetical protein
NPL-UPA2_metaspades_Bin_5_2-contigs_00390	CDS	1668				hypothetical protein
NPL-UPA2_metaspades_Bin_5_2-contigs_00391	CDS	465	sigE		COG1595	ECF RNA polymerase sigma factor SigE
NPL-UPA2_metaspades_Bin_5_2-contigs_00392	CDS	426	scpB			Segregation and condensation protein B
NPL-UPA2_metaspades_Bin_5_2-contigs_00393	CDS	1071	pheA			Bifunctional chorismate mutase/prephenate dehydratase
NPL-UPA2_metaspades_Bin_5_2-contigs_00394	CDS	615				hypothetical protein
NPL-UPA2_metaspades_Bin_5_2-contigs_00395	CDS	600				hypothetical protein
NPL-UPA2_metaspades_Bin_5_2-contigs_00396	CDS	1323	glyQS	6.1.1.14	COG0423	Glycine--tRNA ligase
NPL-UPA2_metaspades_Bin_5_2-contigs_00397	CDS	2754	ppdK	2.7.9.1	COG0574	Pyruvate, phosphate dikinase
NPL-UPA2_metaspades_Bin_5_2-contigs_00398	CDS	855	sigA		COG0568	RNA polymerase sigma factor SigA
NPL-UPA2_metaspades_Bin_5_2-contigs_00399	CDS	519	apt	2.4.2.7	COG0503	Adenine phosphoribosyltransferase
NPL-UPA2_metaspades_Bin_5_2-contigs_00400	CDS	558				hypothetical protein
NPL-UPA2_metaspades_Bin_5_2-contigs_00401	CDS	156	leuS	6.1.1.4		Leucine--tRNA ligase
NPL-UPA2_metaspades_Bin_5_2-contigs_00402	CDS	2226				hypothetical protein
NPL-UPA2_metaspades_Bin_5_2-contigs_00403	CDS	471				hypothetical protein
NPL-UPA2_metaspades_Bin_5_2-contigs_00404	CDS	864				hypothetical protein
NPL-UPA2_metaspades_Bin_5_2-contigs_00405	CDS	987	csm4		COG1567	CRISPR system Cms protein Csm4
NPL-UPA2_metaspades_Bin_5_2-contigs_00406	CDS	342				hypothetical protein
NPL-UPA2_metaspades_Bin_5_2-contigs_00407	CDS	423				hypothetical protein
NPL-UPA2_metaspades_Bin_5_2-contigs_00408	CDS	1356	thyA	2.1.1.45		Thymidylate synthase
NPL-UPA2_metaspades_Bin_5_2-contigs_00409	CDS	2943				hypothetical protein
NPL-UPA2_metaspades_Bin_5_2-contigs_00410	CDS	309				hypothetical protein
NPL-UPA2_metaspades_Bin_5_2-contigs_00411	CDS	222				hypothetical protein
NPL-UPA2_metaspades_Bin_5_2-contigs_00412	CDS	552				hypothetical protein
NPL-UPA2_metaspades_Bin_5_2-contigs_00413	CDS	924				hypothetical protein
NPL-UPA2_metaspades_Bin_5_2-contigs_00414	CDS	1035	apgM_2			2,3-bisphosphoglycerate-independent phosphoglycerate mutase
NPL-UPA2_metaspades_Bin_5_2-contigs_00415	CDS	315				hypothetical protein
NPL-UPA2_metaspades_Bin_5_2-contigs_00416	CDS	381				hypothetical protein
NPL-UPA2_metaspades_Bin_5_2-contigs_00417	CDS	906				hypothetical protein
NPL-UPA2_metaspades_Bin_5_2-contigs_00418	CDS	936		3.5.1.-	COG0123	Histone deacetylase-like amidohydrolase
NPL-UPA2_metaspades_Bin_5_2-contigs_00419	CDS	966				hypothetical protein
NPL-UPA2_metaspades_Bin_5_2-contigs_00420	CDS	801				hypothetical protein
NPL-UPA2_metaspades_Bin_5_2-contigs_00421	CDS	471	ribH	2.5.1.78	COG0054	6,7-dimethyl-8-ribityllumazine synthase
NPL-UPA2_metaspades_Bin_5_2-contigs_00422	CDS	1203	ribBA		COG0108	Riboflavin biosynthesis protein RibBA
NPL-UPA2_metaspades_Bin_5_2-contigs_00423	CDS	645	ribE	2.5.1.9	COG0307	Riboflavin synthase
NPL-UPA2_metaspades_Bin_5_2-contigs_00424	CDS	1119	ribD		COG0117	Riboflavin biosynthesis protein RibD
NPL-UPA2_metaspades_Bin_5_2-contigs_00425	CDS	1293	recJ	3.1.-.-	COG0608	Single-stranded-DNA-specific exonuclease RecJ
NPL-UPA2_metaspades_Bin_5_2-contigs_00426	CDS	690	rpsA		COG0539	30S ribosomal protein S1
NPL-UPA2_metaspades_Bin_5_2-contigs_00427	CDS	945		5.1.3.2	COG1088	UDP-glucose 4-epimerase
NPL-UPA2_metaspades_Bin_5_2-contigs_00428	CDS	939	rfbB_1	4.2.1.46	COG1088	dTDP-glucose 4,6-dehydratase
NPL-UPA2_metaspades_Bin_5_2-contigs_00429	CDS	681	rffG	4.2.1.46	COG1088	dTDP-glucose 4,6-dehydratase 2
NPL-UPA2_metaspades_Bin_5_2-contigs_00430	CDS	723				hypothetical protein
NPL-UPA2_metaspades_Bin_5_2-contigs_00431	CDS	1278				hypothetical protein
NPL-UPA2_metaspades_Bin_5_2-contigs_00432	CDS	1233				hypothetical protein
NPL-UPA2_metaspades_Bin_5_2-contigs_00433	CDS	1122				hypothetical protein
NPL-UPA2_metaspades_Bin_5_2-contigs_00434	CDS	429				hypothetical protein
NPL-UPA2_metaspades_Bin_5_2-contigs_00435	CDS	1347				hypothetical protein
NPL-UPA2_metaspades_Bin_5_2-contigs_00436	CDS	921				hypothetical protein
NPL-UPA2_metaspades_Bin_5_2-contigs_00437	CDS	807	dasC		COG0395	Diacetylchitobiose uptake system permease protein DasC
NPL-UPA2_metaspades_Bin_5_2-contigs_00438	CDS	1584	mngB	3.2.1.-	COG0383	Mannosylglycerate hydrolase
NPL-UPA2_metaspades_Bin_5_2-contigs_00439	CDS	276	ligA	6.5.1.2		DNA ligase
NPL-UPA2_metaspades_Bin_5_2-contigs_00440	CDS	132				hypothetical protein
NPL-UPA2_metaspades_Bin_5_2-contigs_00441	CDS	2160				hypothetical protein
NPL-UPA2_metaspades_Bin_5_2-contigs_00442	CDS	423				hypothetical protein
NPL-UPA2_metaspades_Bin_5_2-contigs_00443	CDS	861				hypothetical protein
NPL-UPA2_metaspades_Bin_5_2-contigs_00444	CDS	1107				hypothetical protein
NPL-UPA2_metaspades_Bin_5_2-contigs_00445	CDS	426				hypothetical protein
NPL-UPA2_metaspades_Bin_5_2-contigs_00446	CDS	162				hypothetical protein
NPL-UPA2_metaspades_Bin_5_2-contigs_00447	CDS	1032				hypothetical protein
NPL-UPA2_metaspades_Bin_5_2-contigs_00448	CDS	516		2.1.1.72	COG0286	putative type I restriction enzymeP M protein
NPL-UPA2_metaspades_Bin_5_2-contigs_00449	CDS	468	sipV	3.4.21.89	COG0681	Signal peptidase I V
NPL-UPA2_metaspades_Bin_5_2-contigs_00450	CDS	345				hypothetical protein
NPL-UPA2_metaspades_Bin_5_2-contigs_00451	CDS	843	tuaD_1	1.1.1.22	COG1004	UDP-glucose 6-dehydrogenase TuaD
NPL-UPA2_metaspades_Bin_5_2-contigs_00452	CDS	426				ISNCY family transposase ISTde1
NPL-UPA2_metaspades_Bin_5_2-contigs_00453	CDS	180				hypothetical protein
NPL-UPA2_metaspades_Bin_5_2-contigs_00454	CDS	198	rpoZ	2.7.7.6		DNA-directed RNA polymerase subunit omega
NPL-UPA2_metaspades_Bin_5_2-contigs_00455	CDS	864				hypothetical protein
NPL-UPA2_metaspades_Bin_5_2-contigs_00456	CDS	648	pyrE_1	2.4.2.10	COG0461	Orotate phosphoribosyltransferase
NPL-UPA2_metaspades_Bin_5_2-contigs_00457	CDS	777	pyrF_1	4.1.1.23	COG0284	Orotidine 5'-phosphate decarboxylase
NPL-UPA2_metaspades_Bin_5_2-contigs_00458	CDS	147				hypothetical protein
NPL-UPA2_metaspades_Bin_5_2-contigs_00459	CDS	180	pyrD	1.3.1.14	COG0167	Dihydroorotate dehydrogenase B (NAD(+)), catalytic subunit
NPL-UPA2_metaspades_Bin_5_2-contigs_00460	CDS	1443	gatB	6.3.5.-	COG0064	Aspartyl/glutamyl-tRNA(Asn/Gln) amidotransferase subunit B
NPL-UPA2_metaspades_Bin_5_2-contigs_00461	CDS	1533	gatA	6.3.5.7	COG0154	Glutamyl-tRNA(Gln) amidotransferase subunit A
NPL-UPA2_metaspades_Bin_5_2-contigs_00462	CDS	432				hypothetical protein
NPL-UPA2_metaspades_Bin_5_2-contigs_00463	CDS	774	putP_1		COG0591	High-affinity proline transporter PutP
NPL-UPA2_metaspades_Bin_5_2-contigs_00464	CDS	1458		6.2.1.30	COG1541	Phenylacetate-coenzyme A ligase
NPL-UPA2_metaspades_Bin_5_2-contigs_00465	CDS	1437				hypothetical protein
NPL-UPA2_metaspades_Bin_5_2-contigs_00466	CDS	591	rtcB_2	6.5.1.-		RNA-splicing ligase RtcB
NPL-UPA2_metaspades_Bin_5_2-contigs_00467	CDS	348	rtcB_3	6.5.1.-		RNA-splicing ligase RtcB
NPL-UPA2_metaspades_Bin_5_2-contigs_00468	CDS	258				hypothetical protein
NPL-UPA2_metaspades_Bin_5_2-contigs_00469	CDS	678	lipB	2.3.1.181		Octanoyltransferase
NPL-UPA2_metaspades_Bin_5_2-contigs_00470	CDS	1539				hypothetical protein
NPL-UPA2_metaspades_Bin_5_2-contigs_00471	CDS	588				hypothetical protein
NPL-UPA2_metaspades_Bin_5_2-contigs_00472	CDS	288				hypothetical protein
NPL-UPA2_metaspades_Bin_5_2-contigs_00473	CDS	972	pfkA	2.7.1.11		ATP-dependent 6-phosphofructokinase
NPL-UPA2_metaspades_Bin_5_2-contigs_00474	CDS	678	pyrE_2	2.4.2.10	COG0461	Orotate phosphoribosyltransferase
NPL-UPA2_metaspades_Bin_5_2-contigs_00475	CDS	663	pyrF_2	4.1.1.23	COG0284	Orotidine 5'-phosphate decarboxylase
NPL-UPA2_metaspades_Bin_5_2-contigs_00476	CDS	216				hypothetical protein
NPL-UPA2_metaspades_Bin_5_2-contigs_00477	CDS	204				hypothetical protein
NPL-UPA2_metaspades_Bin_5_2-contigs_00478	CDS	2157				hypothetical protein
NPL-UPA2_metaspades_Bin_5_2-contigs_00479	CDS	288				putative protein
NPL-UPA2_metaspades_Bin_5_2-contigs_00480	CDS	579	tuaD_2	1.1.1.22	COG1004	UDP-glucose 6-dehydrogenase TuaD
NPL-UPA2_metaspades_Bin_5_2-contigs_00481	CDS	927	rfbB_2	4.2.1.46	COG1088	dTDP-glucose 4,6-dehydratase
NPL-UPA2_metaspades_Bin_5_2-contigs_00482	CDS	1794				hypothetical protein
NPL-UPA2_metaspades_Bin_5_2-contigs_00483	CDS	1611	yidC			Membrane protein insertase YidC
NPL-UPA2_metaspades_Bin_5_2-contigs_00484	CDS	1386	mnmE	3.6.-.-	COG0486	tRNA modification GTPase MnmE
NPL-UPA2_metaspades_Bin_5_2-contigs_00485	CDS	795	rsmG	2.1.1.-	COG0357	Ribosomal RNA small subunit methyltransferase G
NPL-UPA2_metaspades_Bin_5_2-contigs_00486	CDS	471				hypothetical protein
NPL-UPA2_metaspades_Bin_5_2-contigs_00487	CDS	807	soj	3.6.-.-	COG1192	Sporulation initiation inhibitor protein Soj
NPL-UPA2_metaspades_Bin_5_2-contigs_00488	CDS	894	spo0J		COG1475	Stage 0 sporulation protein J
NPL-UPA2_metaspades_Bin_5_2-contigs_00489	CDS	267				hypothetical protein
NPL-UPA2_metaspades_Bin_5_2-contigs_00490	CDS	219				hypothetical protein
NPL-UPA2_metaspades_Bin_5_2-contigs_00491	CDS	138				hypothetical protein
NPL-UPA2_metaspades_Bin_5_2-contigs_00492	CDS	252				hypothetical protein
NPL-UPA2_metaspades_Bin_5_2-contigs_00493	CDS	1035	arnC	2.4.2.53	COG0463	Undecaprenyl-phosphate 4-deoxy-4-formamido-L-arabinose transferase
NPL-UPA2_metaspades_Bin_5_2-contigs_00494	CDS	1008	mnaA	5.1.3.14	COG0381	UDP-N-acetylglucosamine 2-epimerase
NPL-UPA2_metaspades_Bin_5_2-contigs_00495	CDS	930				hypothetical protein
NPL-UPA2_metaspades_Bin_5_2-contigs_00496	CDS	741	rsmE	2.1.1.193	COG1385	Ribosomal RNA small subunit methyltransferase E
NPL-UPA2_metaspades_Bin_5_2-contigs_00497	CDS	1269	dmdA	4.2.1.85		2,3-dimethylmalate dehydratase large subunit
NPL-UPA2_metaspades_Bin_5_2-contigs_00498	CDS	507	ndk	2.7.4.6	COG0105	Nucleoside diphosphate kinase
NPL-UPA2_metaspades_Bin_5_2-contigs_00499	CDS	312				hypothetical protein
NPL-UPA2_metaspades_Bin_5_2-contigs_00500	CDS	1146	metK	2.5.1.6		S-adenosylmethionine synthase
NPL-UPA2_metaspades_Bin_5_2-contigs_00501	CDS	324				hypothetical protein
NPL-UPA2_metaspades_Bin_5_2-contigs_00502	CDS	168				hypothetical protein
NPL-UPA2_metaspades_Bin_5_2-contigs_00503	CDS	294	zapA			Cell division protein ZapA
NPL-UPA2_metaspades_Bin_5_2-contigs_00504	CDS	1332	ffh		COG0541	Signal recognition particle protein
NPL-UPA2_metaspades_Bin_5_2-contigs_00505	CDS	768				hypothetical protein
NPL-UPA2_metaspades_Bin_5_2-contigs_00506	CDS	282	rpsP			30S ribosomal protein S16
NPL-UPA2_metaspades_Bin_5_2-contigs_00507	CDS	684				hypothetical protein
NPL-UPA2_metaspades_Bin_5_2-contigs_00508	CDS	651				hypothetical protein
NPL-UPA2_metaspades_Bin_5_2-contigs_00509	tRNA	74				tRNA-Thr(ggt)
NPL-UPA2_metaspades_Bin_5_2-contigs_00510	CDS	288				hypothetical protein
NPL-UPA2_metaspades_Bin_5_2-contigs_00511	CDS	489				hypothetical protein
NPL-UPA2_metaspades_Bin_5_2-contigs_00512	CDS	705		3.5.1.104	COG0726	Peptidoglycan-N-acetylglucosamine deacetylase
NPL-UPA2_metaspades_Bin_5_2-contigs_00513	CDS	111				hypothetical protein
NPL-UPA2_metaspades_Bin_5_2-contigs_00514	CDS	333	ecfA3	3.6.3.-	COG1122	Energy-coupling factor transporter ATP-binding protein EcfA3
NPL-UPA2_metaspades_Bin_5_2-contigs_00515	CDS	1287	ulaD	4.1.1.85		3-keto-L-gulonate-6-phosphate decarboxylase UlaD
NPL-UPA2_metaspades_Bin_5_2-contigs_00516	CDS	420				hypothetical protein
NPL-UPA2_metaspades_Bin_5_2-contigs_00517	CDS	150				hypothetical protein
NPL-UPA2_metaspades_Bin_5_2-contigs_00518	CDS	330	acsD_1		COG2069	Corrinoid/iron-sulfur protein small subunit
NPL-UPA2_metaspades_Bin_5_2-contigs_00519	CDS	1941	nqrF_2	7.2.1.1		Na(+)-translocating NADH-quinone reductase subunit F
NPL-UPA2_metaspades_Bin_5_2-contigs_00520	CDS	438				hypothetical protein
NPL-UPA2_metaspades_Bin_5_2-contigs_00521	tRNA	74				tRNA-Val(cac)
NPL-UPA2_metaspades_Bin_5_2-contigs_00522	CDS	747				hypothetical protein
NPL-UPA2_metaspades_Bin_5_2-contigs_00523	CDS	1566				hypothetical protein
NPL-UPA2_metaspades_Bin_5_2-contigs_00524	CDS	375				hypothetical protein
NPL-UPA2_metaspades_Bin_5_2-contigs_00525	CDS	177				hypothetical protein
NPL-UPA2_metaspades_Bin_5_2-contigs_00526	CDS	309				hypothetical protein
NPL-UPA2_metaspades_Bin_5_2-contigs_00527	CDS	165				hypothetical protein
NPL-UPA2_metaspades_Bin_5_2-contigs_00528	CDS	426				hypothetical protein
NPL-UPA2_metaspades_Bin_5_2-contigs_00529	CDS	1695				hypothetical protein
NPL-UPA2_metaspades_Bin_5_2-contigs_00530	CDS	2220				hypothetical protein
NPL-UPA2_metaspades_Bin_5_2-contigs_00531	CDS	303				hypothetical protein
NPL-UPA2_metaspades_Bin_5_2-contigs_00532	CDS	90				hypothetical protein
NPL-UPA2_metaspades_Bin_5_2-contigs_00533	tRNA	78				tRNA-Glu(ttc)
NPL-UPA2_metaspades_Bin_5_2-contigs_00534	CDS	1155	dnaJ		COG0484	Chaperone protein DnaJ
NPL-UPA2_metaspades_Bin_5_2-contigs_00535	CDS	1959	dnaK			Chaperone protein DnaK
NPL-UPA2_metaspades_Bin_5_2-contigs_00536	CDS	609	grpE_1			Protein GrpE
NPL-UPA2_metaspades_Bin_5_2-contigs_00537	CDS	687	lepB	3.4.21.89	COG0681	Signal peptidase I
NPL-UPA2_metaspades_Bin_5_2-contigs_00538	CDS	813				hypothetical protein
NPL-UPA2_metaspades_Bin_5_2-contigs_00539	CDS	873				hypothetical protein
NPL-UPA2_metaspades_Bin_5_2-contigs_00540	CDS	177				hypothetical protein
NPL-UPA2_metaspades_Bin_5_2-contigs_00541	CDS	375				hypothetical protein
NPL-UPA2_metaspades_Bin_5_2-contigs_00542	CDS	522				hypothetical protein
NPL-UPA2_metaspades_Bin_5_2-contigs_00543	CDS	2568				hypothetical protein
NPL-UPA2_metaspades_Bin_5_2-contigs_00544	CDS	528				hypothetical protein
NPL-UPA2_metaspades_Bin_5_2-contigs_00545	CDS	330				hypothetical protein
NPL-UPA2_metaspades_Bin_5_2-contigs_00546	CDS	318				hypothetical protein
NPL-UPA2_metaspades_Bin_5_2-contigs_00547	CDS	96				hypothetical protein
NPL-UPA2_metaspades_Bin_5_2-contigs_00548	CDS	168				hypothetical protein
NPL-UPA2_metaspades_Bin_5_2-contigs_00549	CDS	252				hypothetical protein
NPL-UPA2_metaspades_Bin_5_2-contigs_00550	CDS	2055	tkt	2.2.1.1		Transketolase
NPL-UPA2_metaspades_Bin_5_2-contigs_00551	CDS	252				hypothetical protein
NPL-UPA2_metaspades_Bin_5_2-contigs_00552	CDS	195				hypothetical protein
NPL-UPA2_metaspades_Bin_5_2-contigs_00553	CDS	297				hypothetical protein
NPL-UPA2_metaspades_Bin_5_2-contigs_00554	CDS	576	phoA	3.1.3.1	COG1785	Alkaline phosphatase 4
NPL-UPA2_metaspades_Bin_5_2-contigs_00555	CDS	390				hypothetical protein
NPL-UPA2_metaspades_Bin_5_2-contigs_00556	CDS	807				hypothetical protein
NPL-UPA2_metaspades_Bin_5_2-contigs_00557	CDS	1509	metG	6.1.1.10		Methionine--tRNA ligase
NPL-UPA2_metaspades_Bin_5_2-contigs_00558	CDS	471	yqeY		COG1610	putative protein YqeY
NPL-UPA2_metaspades_Bin_5_2-contigs_00559	CDS	780	polX		COG1387	DNA polymerase/3'-5' exonuclease PolX
NPL-UPA2_metaspades_Bin_5_2-contigs_00560	CDS	672	bshB1_1	3.5.1.-	COG2120	N-acetyl-alpha-D-glucosaminyl L-malate deacetylase 1
NPL-UPA2_metaspades_Bin_5_2-contigs_00561	CDS	708	glmU			Bifunctional protein GlmU
NPL-UPA2_metaspades_Bin_5_2-contigs_00562	CDS	1014	tagO	2.7.8.33	COG0472	putative undecaprenyl-phosphate N-acetylglucosaminyl 1-phosphate transferase
NPL-UPA2_metaspades_Bin_5_2-contigs_00563	CDS	1281	glnK	2.7.13.3	COG0642	Sensor histidine kinase GlnK
NPL-UPA2_metaspades_Bin_5_2-contigs_00564	CDS	960	cheB	3.5.1.44		Protein-glutamate methylesterase/protein-glutamine glutaminase
NPL-UPA2_metaspades_Bin_5_2-contigs_00565	CDS	1920				hypothetical protein
NPL-UPA2_metaspades_Bin_5_2-contigs_00566	CDS	543				hypothetical protein
NPL-UPA2_metaspades_Bin_5_2-contigs_00567	CDS	1110				hypothetical protein
NPL-UPA2_metaspades_Bin_5_2-contigs_00568	CDS	255	acpP		COG0236	Acyl carrier protein
NPL-UPA2_metaspades_Bin_5_2-contigs_00569	CDS	1260				hypothetical protein
NPL-UPA2_metaspades_Bin_5_2-contigs_00570	CDS	1209	ackA	2.7.2.1	COG0282	Acetate kinase
NPL-UPA2_metaspades_Bin_5_2-contigs_00571	CDS	987	pta	2.3.1.8	COG0280	Phosphate acetyltransferase
NPL-UPA2_metaspades_Bin_5_2-contigs_00572	CDS	618	gamA	3.5.99.6	COG0363	putative glucosamine-6-phosphate deaminase 2
NPL-UPA2_metaspades_Bin_5_2-contigs_00573	CDS	135				hypothetical protein
NPL-UPA2_metaspades_Bin_5_2-contigs_00574	CDS	264				hypothetical protein
NPL-UPA2_metaspades_Bin_5_2-contigs_00575	CDS	1089				hypothetical protein
NPL-UPA2_metaspades_Bin_5_2-contigs_00576	CDS	576				hypothetical protein
NPL-UPA2_metaspades_Bin_5_2-contigs_00577	CDS	159				hypothetical protein
NPL-UPA2_metaspades_Bin_5_2-contigs_00578	CDS	1143	mggS	2.4.1.-		Mannosylglucosylglycerate synthase
NPL-UPA2_metaspades_Bin_5_2-contigs_00579	CDS	762	kdsB	2.7.7.38	COG1212	3-deoxy-manno-octulosonate cytidylyltransferase
NPL-UPA2_metaspades_Bin_5_2-contigs_00580	CDS	390	dksA			RNA polymerase-binding transcription factor DksA
NPL-UPA2_metaspades_Bin_5_2-contigs_00581	CDS	462	lspA	3.4.23.36	COG0597	Lipoprotein signal peptidase
NPL-UPA2_metaspades_Bin_5_2-contigs_00582	CDS	951	rluD	5.4.99.23	COG0564	Ribosomal large subunit pseudouridine synthase D
NPL-UPA2_metaspades_Bin_5_2-contigs_00583	CDS	954	prmC	2.1.1.297	COG2890	Release factor glutamine methyltransferase
NPL-UPA2_metaspades_Bin_5_2-contigs_00584	CDS	1266	murAA	2.5.1.7	COG0766	UDP-N-acetylglucosamine 1-carboxyvinyltransferase 1
NPL-UPA2_metaspades_Bin_5_2-contigs_00585	CDS	1260	hisD	1.1.1.23		Histidinol dehydrogenase
NPL-UPA2_metaspades_Bin_5_2-contigs_00586	CDS	603	hisB_2	4.2.1.19	COG0131	Imidazoleglycerol-phosphate dehydratase
NPL-UPA2_metaspades_Bin_5_2-contigs_00587	CDS	729	hisA	5.3.1.16	COG0106	1-(5-phosphoribosyl)-5-[(5-phosphoribosylamino)methylideneamino] imidazole-4-carboxamide isomerase
NPL-UPA2_metaspades_Bin_5_2-contigs_00588	CDS	693	ppm1	2.4.1.-		Polyprenol monophosphomannose synthase
NPL-UPA2_metaspades_Bin_5_2-contigs_00589	CDS	642	pcm	2.1.1.77	COG2518	Protein-L-isoaspartate O-methyltransferase
NPL-UPA2_metaspades_Bin_5_2-contigs_00590	tRNA	78				tRNA-Pro(cgg)
NPL-UPA2_metaspades_Bin_5_2-contigs_00591	CDS	489				hypothetical protein
NPL-UPA2_metaspades_Bin_5_2-contigs_00592	CDS	1083				hypothetical protein
NPL-UPA2_metaspades_Bin_5_2-contigs_00593	CDS	243				hypothetical protein
NPL-UPA2_metaspades_Bin_5_2-contigs_00594	CDS	147				hypothetical protein
NPL-UPA2_metaspades_Bin_5_2-contigs_00595	CDS	684				hypothetical protein
NPL-UPA2_metaspades_Bin_5_2-contigs_00596	CDS	738				hypothetical protein
NPL-UPA2_metaspades_Bin_5_2-contigs_00597	CDS	330				hypothetical protein
NPL-UPA2_metaspades_Bin_5_2-contigs_00598	CDS	675				hypothetical protein
NPL-UPA2_metaspades_Bin_5_2-contigs_00599	CDS	603				hypothetical protein
NPL-UPA2_metaspades_Bin_5_2-contigs_00600	CDS	135				hypothetical protein
NPL-UPA2_metaspades_Bin_5_2-contigs_00601	CDS	228				hypothetical protein
NPL-UPA2_metaspades_Bin_5_2-contigs_00602	CDS	558				hypothetical protein
NPL-UPA2_metaspades_Bin_5_2-contigs_00603	CDS	156				hypothetical protein
NPL-UPA2_metaspades_Bin_5_2-contigs_00604	CDS	1890				hypothetical protein
NPL-UPA2_metaspades_Bin_5_2-contigs_00605	CDS	765				hypothetical protein
NPL-UPA2_metaspades_Bin_5_2-contigs_00606	CDS	315				hypothetical protein
NPL-UPA2_metaspades_Bin_5_2-contigs_00607	CDS	480	yrrK	3.1.-.-	COG0816	Putative pre-16S rRNA nuclease
NPL-UPA2_metaspades_Bin_5_2-contigs_00608	CDS	372				hypothetical protein
NPL-UPA2_metaspades_Bin_5_2-contigs_00609	CDS	960	epsF_2		COG1459	Type II secretion system protein F
NPL-UPA2_metaspades_Bin_5_2-contigs_00610	CDS	558	pdaD	4.1.1.19		Pyruvoyl-dependent arginine decarboxylase
NPL-UPA2_metaspades_Bin_5_2-contigs_00611	CDS	105				hypothetical protein
NPL-UPA2_metaspades_Bin_5_2-contigs_00612	CDS	183	groL1			60 kDa chaperonin 1
NPL-UPA2_metaspades_Bin_5_2-contigs_00613	CDS	90				hypothetical protein
NPL-UPA2_metaspades_Bin_5_2-contigs_00614	CDS	138				hypothetical protein
NPL-UPA2_metaspades_Bin_5_2-contigs_00615	CDS	1203				hypothetical protein
NPL-UPA2_metaspades_Bin_5_2-contigs_00616	CDS	1008	rfbB_3	4.2.1.46	COG1088	dTDP-glucose 4,6-dehydratase
NPL-UPA2_metaspades_Bin_5_2-contigs_00617	CDS	315				IS630 family transposase ISMae22
NPL-UPA2_metaspades_Bin_5_2-contigs_00618	CDS	2079	recD2	3.6.4.12	COG0507	ATP-dependent RecD-like DNA helicase
NPL-UPA2_metaspades_Bin_5_2-contigs_00619	CDS	204				hypothetical protein
NPL-UPA2_metaspades_Bin_5_2-contigs_00620	CDS	1140			COG0582	Putative prophage phiRv2 integrase
NPL-UPA2_metaspades_Bin_5_2-contigs_00621	tRNA	76				tRNA-Arg(cct)
NPL-UPA2_metaspades_Bin_5_2-contigs_00622	CDS	753	recO		COG1381	DNA repair protein RecO
NPL-UPA2_metaspades_Bin_5_2-contigs_00623	CDS	1044	argC	1.2.1.38	COG0002	N-acetyl-gamma-glutamyl-phosphate reductase
NPL-UPA2_metaspades_Bin_5_2-contigs_00624	CDS	393	rpsI		COG0103	30S ribosomal protein S9
NPL-UPA2_metaspades_Bin_5_2-contigs_00625	CDS	387	rplM		COG0102	50S ribosomal protein L13
NPL-UPA2_metaspades_Bin_5_2-contigs_00626	CDS	396				hypothetical protein
NPL-UPA2_metaspades_Bin_5_2-contigs_00627	CDS	1152				Deoxyguanosinetriphosphate triphosphohydrolase-like protein
NPL-UPA2_metaspades_Bin_5_2-contigs_00628	CDS	945	btuF		COG0614	Vitamin B12-binding protein
NPL-UPA2_metaspades_Bin_5_2-contigs_00629	CDS	1026	hmuU		COG0609	Hemin transport system permease protein HmuU
NPL-UPA2_metaspades_Bin_5_2-contigs_00630	CDS	813	yusV		COG1120	putative siderophore transport system ATP-binding protein YusV
NPL-UPA2_metaspades_Bin_5_2-contigs_00631	CDS	594				hypothetical protein
	repeat_region	172				
NPL-UPA2_metaspades_Bin_5_2-contigs_00632	CDS	345				hypothetical protein
NPL-UPA2_metaspades_Bin_5_2-contigs_00633	CDS	228				hypothetical protein
NPL-UPA2_metaspades_Bin_5_2-contigs_00634	CDS	1008				hypothetical protein
NPL-UPA2_metaspades_Bin_5_2-contigs_00635	CDS	582				hypothetical protein
NPL-UPA2_metaspades_Bin_5_2-contigs_00636	CDS	288				hypothetical protein
NPL-UPA2_metaspades_Bin_5_2-contigs_00637	CDS	189				hypothetical protein
NPL-UPA2_metaspades_Bin_5_2-contigs_00638	CDS	294				hypothetical protein
NPL-UPA2_metaspades_Bin_5_2-contigs_00639	CDS	636	mscS		COG0668	Small-conductance mechanosensitive channel
NPL-UPA2_metaspades_Bin_5_2-contigs_00640	CDS	99				hypothetical protein
NPL-UPA2_metaspades_Bin_5_2-contigs_00641	CDS	1257	ggs	2.4.1.268	COG0463	Glucosylglycerate synthase
NPL-UPA2_metaspades_Bin_5_2-contigs_00642	CDS	975	gpgS	2.4.1.266	COG0463	Glucosyl-3-phosphoglycerate synthase
NPL-UPA2_metaspades_Bin_5_2-contigs_00643	CDS	555	pspA	3.1.3.3	COG0406	Phosphoserine phosphatase 1
NPL-UPA2_metaspades_Bin_5_2-contigs_00644	CDS	297				hypothetical protein
NPL-UPA2_metaspades_Bin_5_2-contigs_00645	CDS	1083				hypothetical protein
NPL-UPA2_metaspades_Bin_5_2-contigs_00646	CDS	4293				hypothetical protein
NPL-UPA2_metaspades_Bin_5_2-contigs_00647	CDS	840				hypothetical protein
NPL-UPA2_metaspades_Bin_5_2-contigs_00648	CDS	5328				hypothetical protein
NPL-UPA2_metaspades_Bin_5_2-contigs_00649	CDS	1674				hypothetical protein
NPL-UPA2_metaspades_Bin_5_2-contigs_00650	CDS	4557	pknD_2	2.7.11.1		Serine/threonine-protein kinase PknD
NPL-UPA2_metaspades_Bin_5_2-contigs_00651	CDS	852				hypothetical protein
NPL-UPA2_metaspades_Bin_5_2-contigs_00652	CDS	3402				hypothetical protein
NPL-UPA2_metaspades_Bin_5_2-contigs_00653	CDS	987				hypothetical protein
NPL-UPA2_metaspades_Bin_5_2-contigs_00654	CDS	396				hypothetical protein
NPL-UPA2_metaspades_Bin_5_2-contigs_00655	CDS	132				hypothetical protein
NPL-UPA2_metaspades_Bin_5_2-contigs_00656	CDS	951				hypothetical protein
NPL-UPA2_metaspades_Bin_5_2-contigs_00657	CDS	1695				hypothetical protein
NPL-UPA2_metaspades_Bin_5_2-contigs_00658	CDS	270				hypothetical protein
NPL-UPA2_metaspades_Bin_5_2-contigs_00659	CDS	837	cpoB_2			Cell division coordinator CpoB
NPL-UPA2_metaspades_Bin_5_2-contigs_00660	CDS	507				hypothetical protein
NPL-UPA2_metaspades_Bin_5_2-contigs_00661	CDS	285				hypothetical protein
NPL-UPA2_metaspades_Bin_5_2-contigs_00662	CDS	717	COQ5	2.1.1.163		2-methoxy-6-polyprenyl-1,4-benzoquinol methylase, mitochondrial
NPL-UPA2_metaspades_Bin_5_2-contigs_00663	CDS	369				hypothetical protein
NPL-UPA2_metaspades_Bin_5_2-contigs_00664	CDS	198				hypothetical protein
NPL-UPA2_metaspades_Bin_5_2-contigs_00665	CDS	1662	fusA		COG0480	Elongation factor G
NPL-UPA2_metaspades_Bin_5_2-contigs_00666	CDS	777	zraS_1	2.7.13.3		Sensor protein ZraS
NPL-UPA2_metaspades_Bin_5_2-contigs_00667	CDS	405	nusB		COG0781	Transcription antitermination protein NusB
NPL-UPA2_metaspades_Bin_5_2-contigs_00668	CDS	357				hypothetical protein
NPL-UPA2_metaspades_Bin_5_2-contigs_00669	CDS	1602				hypothetical protein
NPL-UPA2_metaspades_Bin_5_2-contigs_00670	CDS	1101	murG	2.4.1.227	COG0707	UDP-N-acetylglucosamine--N-acetylmuramyl-(pentapeptide) pyrophosphoryl-undecaprenol N-acetylglucosamine transferase
NPL-UPA2_metaspades_Bin_5_2-contigs_00671	CDS	1095	ftsW	2.4.1.129	COG0772	putative peptidoglycan glycosyltransferase FtsW
NPL-UPA2_metaspades_Bin_5_2-contigs_00672	CDS	939	mraY	2.7.8.13	COG0472	Phospho-N-acetylmuramoyl-pentapeptide-transferase
NPL-UPA2_metaspades_Bin_5_2-contigs_00673	CDS	675	glmS_2	5.4.99.1		Glutamate mutase sigma subunit
NPL-UPA2_metaspades_Bin_5_2-contigs_00674	CDS	534				hypothetical protein
NPL-UPA2_metaspades_Bin_5_2-contigs_00675	CDS	711	nfi	3.1.21.7	COG1515	Endonuclease V
NPL-UPA2_metaspades_Bin_5_2-contigs_00676	CDS	156	coaX	2.7.1.33	COG1521	Type III pantothenate kinase
NPL-UPA2_metaspades_Bin_5_2-contigs_00677	CDS	507				hypothetical protein
NPL-UPA2_metaspades_Bin_5_2-contigs_00678	CDS	2814				hypothetical protein
NPL-UPA2_metaspades_Bin_5_2-contigs_00679	CDS	1635				hypothetical protein
NPL-UPA2_metaspades_Bin_5_2-contigs_00680	CDS	447				hypothetical protein
NPL-UPA2_metaspades_Bin_5_2-contigs_00681	CDS	315	mazF2	3.1.-.-	COG2337	putative endoribonuclease MazF2
NPL-UPA2_metaspades_Bin_5_2-contigs_00682	CDS	258				hypothetical protein
NPL-UPA2_metaspades_Bin_5_2-contigs_00683	CDS	423				hypothetical protein
NPL-UPA2_metaspades_Bin_5_2-contigs_00684	CDS	1104				hypothetical protein
NPL-UPA2_metaspades_Bin_5_2-contigs_00685	CDS	1239				hypothetical protein
NPL-UPA2_metaspades_Bin_5_2-contigs_00686	CDS	909				hypothetical protein
NPL-UPA2_metaspades_Bin_5_2-contigs_00687	CDS	876				hypothetical protein
NPL-UPA2_metaspades_Bin_5_2-contigs_00688	CDS	849	phpP	3.1.3.16	COG0631	Protein phosphatase PhpP
NPL-UPA2_metaspades_Bin_5_2-contigs_00689	CDS	1476				hypothetical protein
NPL-UPA2_metaspades_Bin_5_2-contigs_00690	CDS	426				hypothetical protein
NPL-UPA2_metaspades_Bin_5_2-contigs_00691	CDS	1998	pknD_3	2.7.11.1		Serine/threonine-protein kinase PknD
NPL-UPA2_metaspades_Bin_5_2-contigs_00692	CDS	621				hypothetical protein
NPL-UPA2_metaspades_Bin_5_2-contigs_00693	CDS	1503	trpE	4.1.3.27	COG0147	Anthranilate synthase component 1
NPL-UPA2_metaspades_Bin_5_2-contigs_00694	CDS	786	trpC	4.1.1.48		Indole-3-glycerol phosphate synthase
NPL-UPA2_metaspades_Bin_5_2-contigs_00695	CDS	615	trpF	5.3.1.24	COG0135	N-(5'-phosphoribosyl)anthranilate isomerase
NPL-UPA2_metaspades_Bin_5_2-contigs_00696	CDS	1260	trpB	4.2.1.20	COG0133	Tryptophan synthase beta chain
NPL-UPA2_metaspades_Bin_5_2-contigs_00697	CDS	696	bshB1_2	3.5.1.-	COG2120	N-acetyl-alpha-D-glucosaminyl L-malate deacetylase 1
NPL-UPA2_metaspades_Bin_5_2-contigs_00698	CDS	294				hypothetical protein
NPL-UPA2_metaspades_Bin_5_2-contigs_00699	CDS	348				hypothetical protein
NPL-UPA2_metaspades_Bin_5_2-contigs_00700	CDS	372				hypothetical protein
NPL-UPA2_metaspades_Bin_5_2-contigs_00701	CDS	159				hypothetical protein
NPL-UPA2_metaspades_Bin_5_2-contigs_00702	CDS	294				hypothetical protein
NPL-UPA2_metaspades_Bin_5_2-contigs_00703	CDS	342				hypothetical protein
NPL-UPA2_metaspades_Bin_5_2-contigs_00704	CDS	111				hypothetical protein
NPL-UPA2_metaspades_Bin_5_2-contigs_00705	CDS	1233	pdxB	1.1.1.290	COG0111	Erythronate-4-phosphate dehydrogenase
NPL-UPA2_metaspades_Bin_5_2-contigs_00706	CDS	1236				hypothetical protein
NPL-UPA2_metaspades_Bin_5_2-contigs_00707	CDS	1044	iolG_3	1.1.1.18	COG0673	Myo-inositol 2-dehydrogenase
NPL-UPA2_metaspades_Bin_5_2-contigs_00708	CDS	819	frlC	5.1.3.41	COG1082	Fructoselysine 3-epimerase
NPL-UPA2_metaspades_Bin_5_2-contigs_00709	CDS	966				hypothetical protein
NPL-UPA2_metaspades_Bin_5_2-contigs_00710	CDS	390	bglA	3.2.1.21		Beta-glucosidase A
NPL-UPA2_metaspades_Bin_5_2-contigs_00711	CDS	309				hypothetical protein
NPL-UPA2_metaspades_Bin_5_2-contigs_00712	CDS	921	lacF			Lactose transport system permease protein LacF
NPL-UPA2_metaspades_Bin_5_2-contigs_00713	CDS	945				hypothetical protein
NPL-UPA2_metaspades_Bin_5_2-contigs_00714	CDS	1203				hypothetical protein
NPL-UPA2_metaspades_Bin_5_2-contigs_00715	CDS	462	tsaE		COG0802	tRNA threonylcarbamoyladenosine biosynthesis protein TsaE
NPL-UPA2_metaspades_Bin_5_2-contigs_00716	CDS	723	cysH	1.8.4.8		Phosphoadenosine phosphosulfate reductase
NPL-UPA2_metaspades_Bin_5_2-contigs_00717	CDS	1764				hypothetical protein
NPL-UPA2_metaspades_Bin_5_2-contigs_00718	CDS	843				hypothetical protein
NPL-UPA2_metaspades_Bin_5_2-contigs_00719	CDS	423				Single-stranded DNA-binding protein
NPL-UPA2_metaspades_Bin_5_2-contigs_00720	CDS	333	rpsF		COG0360	30S ribosomal protein S6
NPL-UPA2_metaspades_Bin_5_2-contigs_00721	CDS	510	ychF		COG0012	Ribosome-binding ATPase YchF
NPL-UPA2_metaspades_Bin_5_2-contigs_00722	CDS	732	pabB	2.6.1.85	COG0147	Aminodeoxychorismate synthase component 1
NPL-UPA2_metaspades_Bin_5_2-contigs_00723	CDS	240				hypothetical protein
NPL-UPA2_metaspades_Bin_5_2-contigs_00724	CDS	411				hypothetical protein
NPL-UPA2_metaspades_Bin_5_2-contigs_00725	CDS	141				hypothetical protein
NPL-UPA2_metaspades_Bin_5_2-contigs_00726	CDS	576				hypothetical protein
NPL-UPA2_metaspades_Bin_5_2-contigs_00727	CDS	210				hypothetical protein
NPL-UPA2_metaspades_Bin_5_2-contigs_00728	CDS	660		3.1.3.-	COG0637	Phosphorylated carbohydrates phosphatase
NPL-UPA2_metaspades_Bin_5_2-contigs_00729	CDS	225	neuB	2.5.1.101	COG2089	N,N'-diacetyllegionaminic acid synthase
NPL-UPA2_metaspades_Bin_5_2-contigs_00730	CDS	963	fabD	2.3.1.39	COG0331	Malonyl CoA-acyl carrier protein transacylase
NPL-UPA2_metaspades_Bin_5_2-contigs_00731	CDS	1485	murF	6.3.2.10	COG0770	UDP-N-acetylmuramoyl-tripeptide--D-alanyl-D-alanine ligase
NPL-UPA2_metaspades_Bin_5_2-contigs_00732	CDS	306	secG		COG1314	Protein-export membrane protein SecG
NPL-UPA2_metaspades_Bin_5_2-contigs_00733	CDS	756	pgk/tpi		COG0126	Bifunctional PGK/TIM
NPL-UPA2_metaspades_Bin_5_2-contigs_00734	CDS	1191	pgk	2.7.2.3	COG0126	Phosphoglycerate kinase
NPL-UPA2_metaspades_Bin_5_2-contigs_00735	CDS	639	gap	1.2.1.12		Glyceraldehyde-3-phosphate dehydrogenase
NPL-UPA2_metaspades_Bin_5_2-contigs_00736	CDS	3720				hypothetical protein
NPL-UPA2_metaspades_Bin_5_2-contigs_00737	CDS	1968				hypothetical protein
NPL-UPA2_metaspades_Bin_5_2-contigs_00738	CDS	633	grpE_2			Protein GrpE
NPL-UPA2_metaspades_Bin_5_2-contigs_00739	CDS	864				hypothetical protein
NPL-UPA2_metaspades_Bin_5_2-contigs_00740	CDS	333				hypothetical protein
NPL-UPA2_metaspades_Bin_5_2-contigs_00741	CDS	213				hypothetical protein
NPL-UPA2_metaspades_Bin_5_2-contigs_00742	CDS	459				hypothetical protein
NPL-UPA2_metaspades_Bin_5_2-contigs_00743	CDS	939	valS	6.1.1.9		Valine--tRNA ligase
NPL-UPA2_metaspades_Bin_5_2-contigs_00744	CDS	282				hypothetical protein
NPL-UPA2_metaspades_Bin_5_2-contigs_00745	CDS	405				hypothetical protein
NPL-UPA2_metaspades_Bin_5_2-contigs_00746	CDS	852	surA	5.2.1.8		Chaperone SurA
NPL-UPA2_metaspades_Bin_5_2-contigs_00747	CDS	294				hypothetical protein
NPL-UPA2_metaspades_Bin_5_2-contigs_00748	CDS	810	rnfB	7.2.1.2	COG2878	Na(+)-translocating ferredoxin:NAD(+) oxidoreductase complex subunit B
NPL-UPA2_metaspades_Bin_5_2-contigs_00749	CDS	582	rnfA	7.2.1.2	COG4657	Na(+)-translocating ferredoxin:NAD(+) oxidoreductase complex subunit A
NPL-UPA2_metaspades_Bin_5_2-contigs_00750	CDS	642	rnfE	7.2.1.2	COG4660	Na(+)-translocating ferredoxin:NAD(+) oxidoreductase complex subunit E
NPL-UPA2_metaspades_Bin_5_2-contigs_00751	CDS	594	rnfG	7.2.1.2	COG4659	Na(+)-translocating ferredoxin:NAD(+) oxidoreductase complex subunit G
NPL-UPA2_metaspades_Bin_5_2-contigs_00752	CDS	951	rnfD	7.1.1.-	COG4658	Proton-translocating ferredoxin:NAD(+) oxidoreductase complex subunit D
NPL-UPA2_metaspades_Bin_5_2-contigs_00753	CDS	1311	rnfC	7.1.1.-	COG4656	Proton-translocating ferredoxin:NAD(+) oxidoreductase complex subunit C
NPL-UPA2_metaspades_Bin_5_2-contigs_00754	CDS	738	queE	4.3.99.3		7-carboxy-7-deazaguanine synthase
NPL-UPA2_metaspades_Bin_5_2-contigs_00755	CDS	282				hypothetical protein
NPL-UPA2_metaspades_Bin_5_2-contigs_00756	CDS	2415	nrdD	1.1.98.6	COG1328	Anaerobic ribonucleoside-triphosphate reductase
NPL-UPA2_metaspades_Bin_5_2-contigs_00757	CDS	450	nrdR		COG1327	Transcriptional repressor NrdR
NPL-UPA2_metaspades_Bin_5_2-contigs_00758	CDS	501				hypothetical protein
NPL-UPA2_metaspades_Bin_5_2-contigs_00759	CDS	1269	glyA	2.1.2.1	COG0112	Serine hydroxymethyltransferase
NPL-UPA2_metaspades_Bin_5_2-contigs_00760	CDS	369				hypothetical protein
NPL-UPA2_metaspades_Bin_5_2-contigs_00761	CDS	459	ywlF	5.3.1.-	COG0698	Putative sugar phosphate isomerase YwlF
NPL-UPA2_metaspades_Bin_5_2-contigs_00762	CDS	474	ywlE	3.9.1.2	COG0394	Protein-arginine-phosphatase
NPL-UPA2_metaspades_Bin_5_2-contigs_00763	CDS	231				hypothetical protein
NPL-UPA2_metaspades_Bin_5_2-contigs_00764	CDS	261				hypothetical protein
NPL-UPA2_metaspades_Bin_5_2-contigs_00765	CDS	360				hypothetical protein
NPL-UPA2_metaspades_Bin_5_2-contigs_00766	CDS	771				IS21 family transposase ISMac3
NPL-UPA2_metaspades_Bin_5_2-contigs_00767	CDS	294				hypothetical protein
NPL-UPA2_metaspades_Bin_5_2-contigs_00768	CDS	1227				hypothetical protein
NPL-UPA2_metaspades_Bin_5_2-contigs_00769	CDS	789	eno	4.2.1.11		Enolase
NPL-UPA2_metaspades_Bin_5_2-contigs_00770	tRNA	74				tRNA-Met(cat)
NPL-UPA2_metaspades_Bin_5_2-contigs_00771	tRNA	75				tRNA-Met(cat)
NPL-UPA2_metaspades_Bin_5_2-contigs_00772	CDS	930				hypothetical protein
NPL-UPA2_metaspades_Bin_5_2-contigs_00773	CDS	2409	bepA_2	3.4.-.-		Beta-barrel assembly-enhancing protease
NPL-UPA2_metaspades_Bin_5_2-contigs_00774	CDS	1047				hypothetical protein
NPL-UPA2_metaspades_Bin_5_2-contigs_00775	CDS	120				hypothetical protein
NPL-UPA2_metaspades_Bin_5_2-contigs_00776	CDS	501				hypothetical protein
NPL-UPA2_metaspades_Bin_5_2-contigs_00777	CDS	963				hypothetical protein
NPL-UPA2_metaspades_Bin_5_2-contigs_00778	CDS	468				hypothetical protein
NPL-UPA2_metaspades_Bin_5_2-contigs_00779	CDS	369				hypothetical protein
NPL-UPA2_metaspades_Bin_5_2-contigs_00780	CDS	354				hypothetical protein
NPL-UPA2_metaspades_Bin_5_2-contigs_00781	CDS	753				hypothetical protein
NPL-UPA2_metaspades_Bin_5_2-contigs_00782	CDS	300				hypothetical protein
NPL-UPA2_metaspades_Bin_5_2-contigs_00783	CDS	531				hypothetical protein
NPL-UPA2_metaspades_Bin_5_2-contigs_00784	CDS	276	aroC	4.2.3.5	COG0082	Chorismate synthase
NPL-UPA2_metaspades_Bin_5_2-contigs_00785	CDS	1266	proS	6.1.1.15	COG0442	Proline--tRNA ligase
NPL-UPA2_metaspades_Bin_5_2-contigs_00786	CDS	291				hypothetical protein
NPL-UPA2_metaspades_Bin_5_2-contigs_00787	CDS	681	undec1A	4.1.1.-		Cysteine/Cysteine sulfinic acid decarboxylase
NPL-UPA2_metaspades_Bin_5_2-contigs_00788	CDS	198				hypothetical protein
NPL-UPA2_metaspades_Bin_5_2-contigs_00789	CDS	195				hypothetical protein
NPL-UPA2_metaspades_Bin_5_2-contigs_00790	CDS	192				hypothetical protein
NPL-UPA2_metaspades_Bin_5_2-contigs_00791	tRNA	74				tRNA-Cys(gca)
NPL-UPA2_metaspades_Bin_5_2-contigs_00792	tRNA	84				tRNA-Leu(taa)
NPL-UPA2_metaspades_Bin_5_2-contigs_00793	tRNA	76				tRNA-Val(gac)
NPL-UPA2_metaspades_Bin_5_2-contigs_00794	CDS	1773	thrS	6.1.1.3	COG0441	Threonine--tRNA ligase 1
NPL-UPA2_metaspades_Bin_5_2-contigs_00795	CDS	873	yitJ		COG0646	Bifunctional homocysteine S-methyltransferase/5,10-methylenetetrahydrofolate reductase
NPL-UPA2_metaspades_Bin_5_2-contigs_00796	CDS	1377	lpd	1.8.1.4	COG1249	Dihydrolipoyl dehydrogenase
NPL-UPA2_metaspades_Bin_5_2-contigs_00797	CDS	171				hypothetical protein
NPL-UPA2_metaspades_Bin_5_2-contigs_00798	CDS	585				hypothetical protein
NPL-UPA2_metaspades_Bin_5_2-contigs_00799	CDS	789				hypothetical protein
NPL-UPA2_metaspades_Bin_5_2-contigs_00800	CDS	945	acsD_2		COG2069	Corrinoid/iron-sulfur protein small subunit
NPL-UPA2_metaspades_Bin_5_2-contigs_00801	CDS	309				hypothetical protein
NPL-UPA2_metaspades_Bin_5_2-contigs_00802	CDS	1593		3.1.21.4		Type IIS restriction enzyme Eco57I
NPL-UPA2_metaspades_Bin_5_2-contigs_00803	CDS	1401		3.1.21.4		Type IIS restriction enzyme Eco57I
NPL-UPA2_metaspades_Bin_5_2-contigs_00804	CDS	390				hypothetical protein
NPL-UPA2_metaspades_Bin_5_2-contigs_00805	CDS	405				hypothetical protein
NPL-UPA2_metaspades_Bin_5_2-contigs_00806	CDS	522	queC	6.3.4.20	COG0603	7-cyano-7-deazaguanine synthase
NPL-UPA2_metaspades_Bin_5_2-contigs_00807	CDS	435	queF	1.7.1.13	COG0780	NADPH-dependent 7-cyano-7-deazaguanine reductase
NPL-UPA2_metaspades_Bin_5_2-contigs_00808	CDS	1149				hypothetical protein
NPL-UPA2_metaspades_Bin_5_2-contigs_00809	CDS	687	nanE	5.1.3.9		Putative N-acetylmannosamine-6-phosphate 2-epimerase
NPL-UPA2_metaspades_Bin_5_2-contigs_00810	CDS	2385	cbpA	2.4.1.20	COG3459	Cellobiose phosphorylase
NPL-UPA2_metaspades_Bin_5_2-contigs_00811	CDS	1404	pgcA	5.4.2.2		Phosphoglucomutase
NPL-UPA2_metaspades_Bin_5_2-contigs_00812	CDS	1137				hypothetical protein
NPL-UPA2_metaspades_Bin_5_2-contigs_00813	CDS	1767				hypothetical protein
NPL-UPA2_metaspades_Bin_5_2-contigs_00814	CDS	2784				hypothetical protein
NPL-UPA2_metaspades_Bin_5_2-contigs_00815	CDS	1314	yesO		COG1653	Putative ABC transporter substrate-binding protein YesO
NPL-UPA2_metaspades_Bin_5_2-contigs_00816	CDS	108				hypothetical protein
NPL-UPA2_metaspades_Bin_5_2-contigs_00817	CDS	417				hypothetical protein
NPL-UPA2_metaspades_Bin_5_2-contigs_00818	CDS	516				hypothetical protein
NPL-UPA2_metaspades_Bin_5_2-contigs_00819	CDS	1074	gmd	4.2.1.47	COG1089	GDP-mannose 4,6-dehydratase
NPL-UPA2_metaspades_Bin_5_2-contigs_00820	CDS	1329	napF			Ferredoxin-type protein NapF
NPL-UPA2_metaspades_Bin_5_2-contigs_00821	CDS	1272				hypothetical protein
NPL-UPA2_metaspades_Bin_5_2-contigs_00822	CDS	417				hypothetical protein
NPL-UPA2_metaspades_Bin_5_2-contigs_00823	CDS	567	folE	3.5.4.16	COG0302	GTP cyclohydrolase 1
NPL-UPA2_metaspades_Bin_5_2-contigs_00824	CDS	348				hypothetical protein
NPL-UPA2_metaspades_Bin_5_2-contigs_00825	CDS	351	ntpG			V-type sodium ATPase subunit G
NPL-UPA2_metaspades_Bin_5_2-contigs_00826	CDS	114				hypothetical protein
NPL-UPA2_metaspades_Bin_5_2-contigs_00827	CDS	411				hypothetical protein
NPL-UPA2_metaspades_Bin_5_2-contigs_00828	CDS	1626				hypothetical protein
NPL-UPA2_metaspades_Bin_5_2-contigs_00829	CDS	414				hypothetical protein
NPL-UPA2_metaspades_Bin_5_2-contigs_00830	CDS	543				hypothetical protein
NPL-UPA2_metaspades_Bin_5_2-contigs_00831	CDS	141				hypothetical protein
NPL-UPA2_metaspades_Bin_5_2-contigs_00832	CDS	426	infC			Translation initiation factor IF-3
NPL-UPA2_metaspades_Bin_5_2-contigs_00833	CDS	198	rpmI			50S ribosomal protein L35
NPL-UPA2_metaspades_Bin_5_2-contigs_00834	CDS	411	rplT			50S ribosomal protein L20
NPL-UPA2_metaspades_Bin_5_2-contigs_00835	CDS	831	pyrK		COG0543	Dihydroorotate dehydrogenase B (NAD(+)), electron transfer subunit
NPL-UPA2_metaspades_Bin_5_2-contigs_00836	CDS	714	pyrC	3.5.2.3	COG0044	Dihydroorotase
NPL-UPA2_metaspades_Bin_5_2-contigs_00837	CDS	621				hypothetical protein
NPL-UPA2_metaspades_Bin_5_2-contigs_00838	CDS	1176	ptsI	2.7.3.9	COG1080	Phosphoenolpyruvate-protein phosphotransferase
NPL-UPA2_metaspades_Bin_5_2-contigs_00839	CDS	1062				hypothetical protein
NPL-UPA2_metaspades_Bin_5_2-contigs_00840	CDS	1095				hypothetical protein
NPL-UPA2_metaspades_Bin_5_2-contigs_00841	CDS	852				hypothetical protein
NPL-UPA2_metaspades_Bin_5_2-contigs_00842	CDS	486	kdsC	3.1.3.45	COG1778	3-deoxy-D-manno-octulosonate 8-phosphate phosphatase KdsC
NPL-UPA2_metaspades_Bin_5_2-contigs_00843	CDS	582				hypothetical protein
NPL-UPA2_metaspades_Bin_5_2-contigs_00844	CDS	720	lptB	3.6.3.-	COG1137	Lipopolysaccharide export system ATP-binding protein LptB
NPL-UPA2_metaspades_Bin_5_2-contigs_00845	CDS	465	fruA		COG1299	PTS system fructose-specific EIIABC component
NPL-UPA2_metaspades_Bin_5_2-contigs_00846	CDS	276				hypothetical protein
NPL-UPA2_metaspades_Bin_5_2-contigs_00847	CDS	429	ymdB_2	3.1.4.16	COG1692	2',3'-cyclic-nucleotide 2'-phosphodiesterase
NPL-UPA2_metaspades_Bin_5_2-contigs_00848	CDS	369				hypothetical protein
NPL-UPA2_metaspades_Bin_5_2-contigs_00849	CDS	408				hypothetical protein
NPL-UPA2_metaspades_Bin_5_2-contigs_00850	CDS	354	DmdB_2	4.2.1.85		2,3-dimethylmalate dehydratase small subunit
NPL-UPA2_metaspades_Bin_5_2-contigs_00851	CDS	507				hypothetical protein
NPL-UPA2_metaspades_Bin_5_2-contigs_00852	CDS	90				hypothetical protein
NPL-UPA2_metaspades_Bin_5_2-contigs_00853	CDS	246				hypothetical protein
NPL-UPA2_metaspades_Bin_5_2-contigs_00854	CDS	282				hypothetical protein
NPL-UPA2_metaspades_Bin_5_2-contigs_00855	CDS	201	cspB			Cold shock protein CspB
NPL-UPA2_metaspades_Bin_5_2-contigs_00856	CDS	339	moeZ		COG0476	putative adenylyltransferase/sulfurtransferase MoeZ
NPL-UPA2_metaspades_Bin_5_2-contigs_00857	CDS	180				hypothetical protein
NPL-UPA2_metaspades_Bin_5_2-contigs_00858	CDS	186				hypothetical protein
NPL-UPA2_metaspades_Bin_5_2-contigs_00859	CDS	1935				hypothetical protein
NPL-UPA2_metaspades_Bin_5_2-contigs_00860	CDS	534				hypothetical protein
NPL-UPA2_metaspades_Bin_5_2-contigs_00861	CDS	1056				hypothetical protein
NPL-UPA2_metaspades_Bin_5_2-contigs_00862	CDS	396				hypothetical protein
NPL-UPA2_metaspades_Bin_5_2-contigs_00863	CDS	252				hypothetical protein
NPL-UPA2_metaspades_Bin_5_2-contigs_00864	CDS	651				hypothetical protein
NPL-UPA2_metaspades_Bin_5_2-contigs_00865	CDS	1002	rtcA	6.5.1.4	COG0430	RNA 3'-terminal phosphate cyclase
NPL-UPA2_metaspades_Bin_5_2-contigs_00866	CDS	411				hypothetical protein
NPL-UPA2_metaspades_Bin_5_2-contigs_00867	CDS	1170	dapE	3.5.1.18	COG0624	Succinyl-diaminopimelate desuccinylase
NPL-UPA2_metaspades_Bin_5_2-contigs_00868	CDS	1092				hypothetical protein
NPL-UPA2_metaspades_Bin_5_2-contigs_00869	CDS	798	acsE	2.1.1.258	COG1410	5-methyltetrahydrofolate:corrinoid/iron-sulfur protein co-methyltransferase
NPL-UPA2_metaspades_Bin_5_2-contigs_00870	CDS	141				hypothetical protein
NPL-UPA2_metaspades_Bin_5_2-contigs_00871	CDS	141				hypothetical protein
NPL-UPA2_metaspades_Bin_5_2-contigs_00872	CDS	597				hypothetical protein
NPL-UPA2_metaspades_Bin_5_2-contigs_00873	CDS	276				hypothetical protein
NPL-UPA2_metaspades_Bin_5_2-contigs_00874	CDS	330				hypothetical protein
NPL-UPA2_metaspades_Bin_5_2-contigs_00875	CDS	864				hypothetical protein
NPL-UPA2_metaspades_Bin_5_2-contigs_00876	CDS	1719	glgP	2.4.1.1	COG0058	Glycogen phosphorylase
NPL-UPA2_metaspades_Bin_5_2-contigs_00877	CDS	1518	murD	6.3.2.9		UDP-N-acetylmuramoylalanine--D-glutamate ligase
NPL-UPA2_metaspades_Bin_5_2-contigs_00878	CDS	252				hypothetical protein
NPL-UPA2_metaspades_Bin_5_2-contigs_00879	CDS	204				hypothetical protein
NPL-UPA2_metaspades_Bin_5_2-contigs_00880	CDS	762		1.-.-.-	COG0516	putative oxidoreductase/MSMEI_1564
NPL-UPA2_metaspades_Bin_5_2-contigs_00881	CDS	1110	prfA		COG0216	Peptide chain release factor RF1
NPL-UPA2_metaspades_Bin_5_2-contigs_00882	CDS	198	rpmE		COG0254	50S ribosomal protein L31
NPL-UPA2_metaspades_Bin_5_2-contigs_00883	CDS	1176				hypothetical protein
NPL-UPA2_metaspades_Bin_5_2-contigs_00884	CDS	1575	cimA	2.3.1.182	COG0119	(R)-citramalate synthase
NPL-UPA2_metaspades_Bin_5_2-contigs_00885	CDS	345	lysC	2.7.2.4	COG0527	Aspartokinase
NPL-UPA2_metaspades_Bin_5_2-contigs_00886	CDS	138				hypothetical protein
NPL-UPA2_metaspades_Bin_5_2-contigs_00887	CDS	252				hypothetical protein
NPL-UPA2_metaspades_Bin_5_2-contigs_00888	CDS	171				hypothetical protein
NPL-UPA2_metaspades_Bin_5_2-contigs_00889	CDS	411				hypothetical protein
NPL-UPA2_metaspades_Bin_5_2-contigs_00890	CDS	894	argF	2.1.3.3	COG0078	Ornithine carbamoyltransferase
NPL-UPA2_metaspades_Bin_5_2-contigs_00891	CDS	1194	argG	6.3.4.5		Argininosuccinate synthase
NPL-UPA2_metaspades_Bin_5_2-contigs_00892	CDS	249				hypothetical protein
NPL-UPA2_metaspades_Bin_5_2-contigs_00893	CDS	645	xylB	2.7.1.17	COG1070	Xylulose kinase
NPL-UPA2_metaspades_Bin_5_2-contigs_00894	CDS	186				hypothetical protein
NPL-UPA2_metaspades_Bin_5_2-contigs_00895	CDS	213				hypothetical protein
NPL-UPA2_metaspades_Bin_5_2-contigs_00896	CDS	231				hypothetical protein
NPL-UPA2_metaspades_Bin_5_2-contigs_00897	CDS	513				hypothetical protein
NPL-UPA2_metaspades_Bin_5_2-contigs_00898	CDS	825				hypothetical protein
NPL-UPA2_metaspades_Bin_5_2-contigs_00899	CDS	1926	ftsH	3.4.24.-	COG0465	ATP-dependent zinc metalloprotease FtsH
NPL-UPA2_metaspades_Bin_5_2-contigs_00900	CDS	312	adk	2.7.4.3	COG0563	Adenylate kinase
NPL-UPA2_metaspades_Bin_5_2-contigs_00901	CDS	747	map	3.4.11.18	COG0024	Methionine aminopeptidase 1
NPL-UPA2_metaspades_Bin_5_2-contigs_00902	CDS	219	infA		COG0361	Translation initiation factor IF-1
NPL-UPA2_metaspades_Bin_5_2-contigs_00903	CDS	726	tsaD	2.3.1.234	COG0533	tRNA N6-adenosine threonylcarbamoyltransferase
NPL-UPA2_metaspades_Bin_5_2-contigs_00904	CDS	816				hypothetical protein
NPL-UPA2_metaspades_Bin_5_2-contigs_00905	CDS	129				hypothetical protein
NPL-UPA2_metaspades_Bin_5_2-contigs_00906	CDS	789				hypothetical protein
NPL-UPA2_metaspades_Bin_5_2-contigs_00907	CDS	597				hypothetical protein
NPL-UPA2_metaspades_Bin_5_2-contigs_00908	CDS	336				hypothetical protein
NPL-UPA2_metaspades_Bin_5_2-contigs_00909	CDS	666				hypothetical protein
NPL-UPA2_metaspades_Bin_5_2-contigs_00910	CDS	813				hypothetical protein
NPL-UPA2_metaspades_Bin_5_2-contigs_00911	CDS	861				hypothetical protein
NPL-UPA2_metaspades_Bin_5_2-contigs_00912	CDS	384				hypothetical protein
NPL-UPA2_metaspades_Bin_5_2-contigs_00913	CDS	789				hypothetical protein
NPL-UPA2_metaspades_Bin_5_2-contigs_00914	CDS	993			COG2826	IS30 family transposase ISPlu1
NPL-UPA2_metaspades_Bin_5_2-contigs_00915	CDS	744	mca	3.5.1.115		Mycothiol S-conjugate amidase
NPL-UPA2_metaspades_Bin_5_2-contigs_00916	CDS	819				hypothetical protein
NPL-UPA2_metaspades_Bin_5_2-contigs_00917	CDS	117				hypothetical protein
NPL-UPA2_metaspades_Bin_5_2-contigs_00918	CDS	849	tyrC	1.3.1.43		Cyclohexadienyl dehydrogenase
NPL-UPA2_metaspades_Bin_5_2-contigs_00919	CDS	357	griH_2	4.1.99.20	COG1465	3-amino-4-hydroxybenzoic acid synthase
NPL-UPA2_metaspades_Bin_5_2-contigs_00920	CDS	2094	uvrA			UvrABC system protein A
NPL-UPA2_metaspades_Bin_5_2-contigs_00921	CDS	1374	yeeO		COG0534	putative FMN/FAD exporter YeeO
NPL-UPA2_metaspades_Bin_5_2-contigs_00922	CDS	1344	cpoB_3			Cell division coordinator CpoB
NPL-UPA2_metaspades_Bin_5_2-contigs_00923	CDS	708	cpoB_4			Cell division coordinator CpoB
NPL-UPA2_metaspades_Bin_5_2-contigs_00924	CDS	705	cpoB_5			Cell division coordinator CpoB
NPL-UPA2_metaspades_Bin_5_2-contigs_00925	CDS	636	tolQ			Tol-Pal system protein TolQ
NPL-UPA2_metaspades_Bin_5_2-contigs_00926	CDS	408	tolR			Tol-Pal system protein TolR
NPL-UPA2_metaspades_Bin_5_2-contigs_00927	CDS	414				hypothetical protein
NPL-UPA2_metaspades_Bin_5_2-contigs_00928	CDS	219				hypothetical protein
NPL-UPA2_metaspades_Bin_5_2-contigs_00929	CDS	1002				hypothetical protein
NPL-UPA2_metaspades_Bin_5_2-contigs_00930	CDS	288	groS		COG0234	10 kDa chaperonin
NPL-UPA2_metaspades_Bin_5_2-contigs_00931	CDS	96				hypothetical protein
NPL-UPA2_metaspades_Bin_5_2-contigs_00932	CDS	720	cysE	2.3.1.30		Serine acetyltransferase
NPL-UPA2_metaspades_Bin_5_2-contigs_00933	CDS	204				hypothetical protein
NPL-UPA2_metaspades_Bin_5_2-contigs_00934	CDS	264				hypothetical protein
NPL-UPA2_metaspades_Bin_5_2-contigs_00935	CDS	981				hypothetical protein
NPL-UPA2_metaspades_Bin_5_2-contigs_00936	CDS	1101				hypothetical protein
NPL-UPA2_metaspades_Bin_5_2-contigs_00937	CDS	363				hypothetical protein
NPL-UPA2_metaspades_Bin_5_2-contigs_00938	CDS	774				hypothetical protein
NPL-UPA2_metaspades_Bin_5_2-contigs_00939	CDS	558	speE_2	2.5.1.16		Polyamine aminopropyltransferase
NPL-UPA2_metaspades_Bin_5_2-contigs_00940	CDS	648	rpe	5.1.3.1		Ribulose-phosphate 3-epimerase
NPL-UPA2_metaspades_Bin_5_2-contigs_00941	CDS	453	purQ	3.5.1.2		Phosphoribosylformylglycinamidine synthase subunit PurQ
NPL-UPA2_metaspades_Bin_5_2-contigs_00942	CDS	195	rpsU		COG0828	30S ribosomal protein S21
NPL-UPA2_metaspades_Bin_5_2-contigs_00943	CDS	1290	purD	6.3.4.13	COG0151	Phosphoribosylamine--glycine ligase
NPL-UPA2_metaspades_Bin_5_2-contigs_00944	CDS	1569	purH		COG0138	Bifunctional purine biosynthesis protein PurH
NPL-UPA2_metaspades_Bin_5_2-contigs_00945	CDS	1032	purM	6.3.3.1		Phosphoribosylformylglycinamidine cyclo-ligase
NPL-UPA2_metaspades_Bin_5_2-contigs_00946	CDS	1293	purB	4.3.2.2	COG0015	Adenylosuccinate lyase
NPL-UPA2_metaspades_Bin_5_2-contigs_00947	tRNA	73				tRNA-Glu(ctc)
NPL-UPA2_metaspades_Bin_5_2-contigs_00948	CDS	756	rluB	5.4.99.22	COG1187	Ribosomal large subunit pseudouridine synthase B
NPL-UPA2_metaspades_Bin_5_2-contigs_00949	CDS	1164				hypothetical protein
NPL-UPA2_metaspades_Bin_5_2-contigs_00950	CDS	816	larE	4.4.1.37	COG1606	Pyridinium-3,5-bisthiocarboxylic acid mononucleotide synthase
NPL-UPA2_metaspades_Bin_5_2-contigs_00951	tRNA	76				tRNA-Arg(tcg)
NPL-UPA2_metaspades_Bin_5_2-contigs_00952	tRNA	74				tRNA-Lys(ctt)
NPL-UPA2_metaspades_Bin_5_2-contigs_00953	tRNA	82				tRNA-Leu(tag)
NPL-UPA2_metaspades_Bin_5_2-contigs_00954	tRNA	74				tRNA-Gly(gcc)
NPL-UPA2_metaspades_Bin_5_2-contigs_00955	CDS	1317	tig	5.2.1.8	COG0544	Trigger factor
NPL-UPA2_metaspades_Bin_5_2-contigs_00956	CDS	381	rnhB	3.1.26.4	COG0164	Ribonuclease HII
NPL-UPA2_metaspades_Bin_5_2-contigs_00957	CDS	354				hypothetical protein
NPL-UPA2_metaspades_Bin_5_2-contigs_00958	CDS	1404	addB	3.6.4.12		ATP-dependent helicase/deoxyribonuclease subunit B
NPL-UPA2_metaspades_Bin_5_2-contigs_00959	CDS	561				hypothetical protein
NPL-UPA2_metaspades_Bin_5_2-contigs_00960	CDS	288				hypothetical protein
NPL-UPA2_metaspades_Bin_5_2-contigs_00961	CDS	282				hypothetical protein
NPL-UPA2_metaspades_Bin_5_2-contigs_00962	CDS	648	lexA	3.4.21.88		LexA repressor
NPL-UPA2_metaspades_Bin_5_2-contigs_00963	CDS	1167	xerC			Tyrosine recombinase XerC
NPL-UPA2_metaspades_Bin_5_2-contigs_00964	CDS	987				hypothetical protein
NPL-UPA2_metaspades_Bin_5_2-contigs_00965	CDS	123				hypothetical protein
NPL-UPA2_metaspades_Bin_5_2-contigs_00966	CDS	1350	accC	6.3.4.14	COG0439	Biotin carboxylase
NPL-UPA2_metaspades_Bin_5_2-contigs_00967	CDS	477	accB		COG0511	Biotin carboxyl carrier protein of acetyl-CoA carboxylase
NPL-UPA2_metaspades_Bin_5_2-contigs_00968	CDS	162	efp		COG0231	Elongation factor P
NPL-UPA2_metaspades_Bin_5_2-contigs_00969	CDS	204				hypothetical protein
NPL-UPA2_metaspades_Bin_5_2-contigs_00970	CDS	2142	pat	2.3.1.-	COG0454	Peptidyl-lysine N-acetyltransferase Pat
NPL-UPA2_metaspades_Bin_5_2-contigs_00971	CDS	354				hypothetical protein
NPL-UPA2_metaspades_Bin_5_2-contigs_00972	CDS	417				hypothetical protein
NPL-UPA2_metaspades_Bin_5_2-contigs_00973	CDS	420				hypothetical protein
NPL-UPA2_metaspades_Bin_5_2-contigs_00974	CDS	714				hypothetical protein
NPL-UPA2_metaspades_Bin_5_2-contigs_00975	CDS	291				hypothetical protein
NPL-UPA2_metaspades_Bin_5_2-contigs_00976	CDS	639				hypothetical protein
NPL-UPA2_metaspades_Bin_5_2-contigs_00977	CDS	1023	trpS	6.1.1.2	COG0180	Tryptophan--tRNA ligase
NPL-UPA2_metaspades_Bin_5_2-contigs_00978	CDS	717	scpA		COG1354	Segregation and condensation protein A
NPL-UPA2_metaspades_Bin_5_2-contigs_00979	CDS	174				hypothetical protein
NPL-UPA2_metaspades_Bin_5_2-contigs_00980	CDS	444	gpsA	1.1.1.94		Glycerol-3-phosphate dehydrogenase [NAD(P)+]
NPL-UPA2_metaspades_Bin_5_2-contigs_00981	CDS	1014		2.5.-.-		Deoxyhypusine synthase-like protein
NPL-UPA2_metaspades_Bin_5_2-contigs_00982	CDS	342				hypothetical protein
NPL-UPA2_metaspades_Bin_5_2-contigs_00983	tRNA	77				tRNA-Pro(ggg)
NPL-UPA2_metaspades_Bin_5_2-contigs_00984	CDS	333				hypothetical protein
NPL-UPA2_metaspades_Bin_5_2-contigs_00985	CDS	2508				hypothetical protein
NPL-UPA2_metaspades_Bin_5_2-contigs_00986	CDS	111				hypothetical protein
NPL-UPA2_metaspades_Bin_5_2-contigs_00987	CDS	1266	ilvB	2.2.1.6	COG0028	Acetolactate synthase large subunit
NPL-UPA2_metaspades_Bin_5_2-contigs_00988	CDS	477	ilvH	2.2.1.6	COG0440	Acetolactate synthase small subunit
NPL-UPA2_metaspades_Bin_5_2-contigs_00989	CDS	981	ilvC	1.1.1.382		Ketol-acid reductoisomerase (NAD(+))
NPL-UPA2_metaspades_Bin_5_2-contigs_00990	CDS	1533	leuA	2.3.3.13	COG0119	2-isopropylmalate synthase
NPL-UPA2_metaspades_Bin_5_2-contigs_00991	CDS	135				hypothetical protein
NPL-UPA2_metaspades_Bin_5_2-contigs_00992	CDS	315				hypothetical protein
NPL-UPA2_metaspades_Bin_5_2-contigs_00993	CDS	552				hypothetical protein
NPL-UPA2_metaspades_Bin_5_2-contigs_00994	CDS	93				hypothetical protein
NPL-UPA2_metaspades_Bin_5_2-contigs_00995	CDS	1737				hypothetical protein
NPL-UPA2_metaspades_Bin_5_2-contigs_00996	CDS	1455				hypothetical protein
NPL-UPA2_metaspades_Bin_5_2-contigs_00997	CDS	696				hypothetical protein
NPL-UPA2_metaspades_Bin_5_2-contigs_00998	CDS	933	lnrL_2	3.6.3.-	COG1131	Linearmycin resistance ATP-binding protein LnrL
NPL-UPA2_metaspades_Bin_5_2-contigs_00999	CDS	717	zraS_2	2.7.13.3		Sensor protein ZraS
NPL-UPA2_metaspades_Bin_5_2-contigs_01000	CDS	1344	zraR		COG2204	Transcriptional regulatory protein ZraR
NPL-UPA2_metaspades_Bin_5_2-contigs_01001	CDS	1329				hypothetical protein
NPL-UPA2_metaspades_Bin_5_2-contigs_01002	CDS	279				hypothetical protein
NPL-UPA2_metaspades_Bin_5_2-contigs_01003	CDS	777	rplB		COG0090	50S ribosomal protein L2
NPL-UPA2_metaspades_Bin_5_2-contigs_01004	CDS	285	rpsS			30S ribosomal protein S19
NPL-UPA2_metaspades_Bin_5_2-contigs_01005	CDS	438				hypothetical protein
NPL-UPA2_metaspades_Bin_5_2-contigs_01006	CDS	699	rpsC		COG0092	30S ribosomal protein S3
NPL-UPA2_metaspades_Bin_5_2-contigs_01007	CDS	408	rplP		COG0197	50S ribosomal protein L16
NPL-UPA2_metaspades_Bin_5_2-contigs_01008	CDS	195	rpmC		COG0255	50S ribosomal protein L29
NPL-UPA2_metaspades_Bin_5_2-contigs_01009	CDS	261	rpsQ			30S ribosomal protein S17
NPL-UPA2_metaspades_Bin_5_2-contigs_01010	CDS	369	rplN		COG0093	50S ribosomal protein L14
NPL-UPA2_metaspades_Bin_5_2-contigs_01011	CDS	327	rplX		COG0198	50S ribosomal protein L24
NPL-UPA2_metaspades_Bin_5_2-contigs_01012	CDS	600	rplE			50S ribosomal protein L5
NPL-UPA2_metaspades_Bin_5_2-contigs_01013	CDS	186	rpsN1		COG0199	30S ribosomal protein S14
NPL-UPA2_metaspades_Bin_5_2-contigs_01014	CDS	399	rpsH		COG0096	30S ribosomal protein S8
NPL-UPA2_metaspades_Bin_5_2-contigs_01015	CDS	552	rplF			50S ribosomal protein L6
NPL-UPA2_metaspades_Bin_5_2-contigs_01016	CDS	369	rplR			50S ribosomal protein L18
NPL-UPA2_metaspades_Bin_5_2-contigs_01017	CDS	507	rpsE			30S ribosomal protein S5
NPL-UPA2_metaspades_Bin_5_2-contigs_01018	CDS	486	rplO			50S ribosomal protein L15
NPL-UPA2_metaspades_Bin_5_2-contigs_01019	CDS	1206				hypothetical protein
NPL-UPA2_metaspades_Bin_5_2-contigs_01020	CDS	1218	mshA_2	2.4.1.250		D-inositol-3-phosphate glycosyltransferase
NPL-UPA2_metaspades_Bin_5_2-contigs_01021	CDS	1113	dapL	2.6.1.83	COG0436	LL-diaminopimelate aminotransferase
NPL-UPA2_metaspades_Bin_5_2-contigs_01022	CDS	480	sulD		COG0801	Bifunctional folate synthesis protein
NPL-UPA2_metaspades_Bin_5_2-contigs_01023	CDS	402			COG1259	putative protein
NPL-UPA2_metaspades_Bin_5_2-contigs_01024	CDS	444				hypothetical protein
NPL-UPA2_metaspades_Bin_5_2-contigs_01025	CDS	819	panC	6.3.2.1	COG0414	Pantothenate synthetase
NPL-UPA2_metaspades_Bin_5_2-contigs_01026	CDS	612	yqgN		COG0212	putative protein YqgN
NPL-UPA2_metaspades_Bin_5_2-contigs_01027	CDS	1218	pfp	2.7.1.90	COG0205	Pyrophosphate--fructose 6-phosphate 1-phosphotransferase
NPL-UPA2_metaspades_Bin_5_2-contigs_01028	CDS	1008	fda	4.1.2.13	COG0191	Fructose-bisphosphate aldolase
NPL-UPA2_metaspades_Bin_5_2-contigs_01029	CDS	1032	mreB		COG1077	Cell shape-determining protein MreB
NPL-UPA2_metaspades_Bin_5_2-contigs_01030	CDS	612	atpE			V-type proton ATPase subunit E
NPL-UPA2_metaspades_Bin_5_2-contigs_01031	CDS	264	ntpK			V-type sodium ATPase subunit K
NPL-UPA2_metaspades_Bin_5_2-contigs_01032	CDS	624	sfrA	1.-.-.-	COG3383	NADPH-Fe(3+) oxidoreductase subunit alpha
NPL-UPA2_metaspades_Bin_5_2-contigs_01033	CDS	1620	rsxC	7.-.-.-		Ion-translocating oxidoreductase complex subunit C
NPL-UPA2_metaspades_Bin_5_2-contigs_01034	CDS	534	hndA	1.12.1.3	COG1905	NADP-reducing hydrogenase subunit HndA
NPL-UPA2_metaspades_Bin_5_2-contigs_01035	CDS	219				hypothetical protein
NPL-UPA2_metaspades_Bin_5_2-contigs_01036	CDS	1566				hypothetical protein
NPL-UPA2_metaspades_Bin_5_2-contigs_01037	CDS	771	hisF	4.3.2.10	COG0107	Imidazole glycerol phosphate synthase subunit HisF
NPL-UPA2_metaspades_Bin_5_2-contigs_01038	CDS	999				hypothetical protein
NPL-UPA2_metaspades_Bin_5_2-contigs_01039	CDS	4254				hypothetical protein
NPL-UPA2_metaspades_Bin_5_2-contigs_01040	CDS	1302				hypothetical protein
NPL-UPA2_metaspades_Bin_5_2-contigs_01041	CDS	2406	recG	3.6.4.12		ATP-dependent DNA helicase RecG
NPL-UPA2_metaspades_Bin_5_2-contigs_01042	CDS	1239	ispG	1.17.7.3	COG0821	4-hydroxy-3-methylbut-2-en-1-yl diphosphate synthase (flavodoxin)
NPL-UPA2_metaspades_Bin_5_2-contigs_01043	CDS	1107	mmpA	3.4.24.-	COG0750	Metalloprotease MmpA
NPL-UPA2_metaspades_Bin_5_2-contigs_01044	CDS	1158	dxr	1.1.1.267	COG0743	1-deoxy-D-xylulose 5-phosphate reductoisomerase
NPL-UPA2_metaspades_Bin_5_2-contigs_01045	CDS	804				hypothetical protein
NPL-UPA2_metaspades_Bin_5_2-contigs_01046	CDS	486	uppS	2.5.1.31		Ditrans,polycis-undecaprenyl-diphosphate synthase ((2E,6E)-farnesyl-diphosphate specific)
NPL-UPA2_metaspades_Bin_5_2-contigs_01047	CDS	318				hypothetical protein
NPL-UPA2_metaspades_Bin_5_2-contigs_01048	CDS	570				hypothetical protein
NPL-UPA2_metaspades_Bin_5_2-contigs_01049	CDS	225				hypothetical protein
NPL-UPA2_metaspades_Bin_5_2-contigs_01050	CDS	138				hypothetical protein
NPL-UPA2_metaspades_Bin_5_2-contigs_01051	CDS	1167		1.2.7.10	COG0674	Oxalate oxidoreductase subunit alpha
NPL-UPA2_metaspades_Bin_5_2-contigs_01052	CDS	246				hypothetical protein
NPL-UPA2_metaspades_Bin_5_2-contigs_01053	CDS	504				hypothetical protein
NPL-UPA2_metaspades_Bin_5_2-contigs_01054	CDS	312				hypothetical protein
NPL-UPA2_metaspades_Bin_5_2-contigs_01055	CDS	345		3.9.1.-	COG0537	Purine nucleoside phosphoramidase
NPL-UPA2_metaspades_Bin_5_2-contigs_01056	CDS	1134	pimA	2.4.1.345	COG0438	Phosphatidyl-myo-inositol mannosyltransferase
NPL-UPA2_metaspades_Bin_5_2-contigs_01057	CDS	1083				hypothetical protein
NPL-UPA2_metaspades_Bin_5_2-contigs_01058	CDS	1041				hypothetical protein
NPL-UPA2_metaspades_Bin_5_2-contigs_01059	CDS	879		2.4.1.320	COG2152	1,4-beta-mannosyl-N-acetylglucosamine phosphorylase
NPL-UPA2_metaspades_Bin_5_2-contigs_01060	CDS	303				hypothetical protein
NPL-UPA2_metaspades_Bin_5_2-contigs_01061	CDS	183				hypothetical protein
NPL-UPA2_metaspades_Bin_5_2-contigs_01062	CDS	186				hypothetical protein
NPL-UPA2_metaspades_Bin_5_2-contigs_01063	CDS	672	purN	2.1.2.2	COG0299	Phosphoribosylglycinamide formyltransferase
NPL-UPA2_metaspades_Bin_5_2-contigs_01064	CDS	1167	trpD	2.4.2.18	COG0547	Anthranilate phosphoribosyltransferase
NPL-UPA2_metaspades_Bin_5_2-contigs_01065	CDS	1542	rssB			Regulator of RpoS
NPL-UPA2_metaspades_Bin_5_2-contigs_01066	CDS	207				hypothetical protein
NPL-UPA2_metaspades_Bin_5_2-contigs_01067	CDS	234				hypothetical protein
NPL-UPA2_metaspades_Bin_5_2-contigs_01068	CDS	357				hypothetical protein
NPL-UPA2_metaspades_Bin_5_2-contigs_01069	CDS	450				hypothetical protein
NPL-UPA2_metaspades_Bin_5_2-contigs_01070	CDS	1152	ftsZ			Cell division protein FtsZ
NPL-UPA2_metaspades_Bin_5_2-contigs_01071	CDS	234				hypothetical protein
NPL-UPA2_metaspades_Bin_5_2-contigs_01072	CDS	1017	hflK		COG0330	Modulator of FtsH protease HflK
NPL-UPA2_metaspades_Bin_5_2-contigs_01073	CDS	795	lgt	2.5.1.145	COG0682	Phosphatidylglycerol--prolipoprotein diacylglyceryl transferase
NPL-UPA2_metaspades_Bin_5_2-contigs_01074	CDS	309				hypothetical protein
NPL-UPA2_metaspades_Bin_5_2-contigs_01075	CDS	2916	ileS	6.1.1.5	COG0060	Isoleucine--tRNA ligase
NPL-UPA2_metaspades_Bin_5_2-contigs_01076	CDS	669	glmM	5.4.2.10	COG1109	Phosphoglucosamine mutase
NPL-UPA2_metaspades_Bin_5_2-contigs_01077	CDS	1161			COG0366	Beta/alpha-amylase
NPL-UPA2_metaspades_Bin_5_2-contigs_01078	CDS	636				hypothetical protein
NPL-UPA2_metaspades_Bin_5_2-contigs_01079	CDS	303				hypothetical protein
NPL-UPA2_metaspades_Bin_5_2-contigs_01080	CDS	498				hypothetical protein
NPL-UPA2_metaspades_Bin_5_2-contigs_01081	CDS	192				hypothetical protein
NPL-UPA2_metaspades_Bin_5_2-contigs_01082	CDS	240				hypothetical protein
NPL-UPA2_metaspades_Bin_5_2-contigs_01083	CDS	639	rnd_2	3.1.13.5		Ribonuclease D
NPL-UPA2_metaspades_Bin_5_2-contigs_01084	CDS	813				hypothetical protein
NPL-UPA2_metaspades_Bin_5_2-contigs_01085	CDS	414				hypothetical protein
NPL-UPA2_metaspades_Bin_5_2-contigs_01086	CDS	267				hypothetical protein
NPL-UPA2_metaspades_Bin_5_2-contigs_01087	CDS	588				hypothetical protein
NPL-UPA2_metaspades_Bin_5_2-contigs_01088	CDS	636	fchA	3.5.4.9	COG3404	Methenyltetrahydrofolate cyclohydrolase
NPL-UPA2_metaspades_Bin_5_2-contigs_01089	CDS	909	folD		COG0190	Bifunctional protein FolD protein
NPL-UPA2_metaspades_Bin_5_2-contigs_01090	CDS	231	rplI			50S ribosomal protein L9
NPL-UPA2_metaspades_Bin_5_2-contigs_01091	CDS	1347	dnaC	3.6.4.12	COG0305	Replicative DNA helicase
NPL-UPA2_metaspades_Bin_5_2-contigs_01092	CDS	783	mlaE		COG0767	Intermembrane phospholipid transport system permease protein MlaE
NPL-UPA2_metaspades_Bin_5_2-contigs_01093	CDS	771	mkl		COG1127	putative ribonucleotide transport ATP-binding protein mkl
NPL-UPA2_metaspades_Bin_5_2-contigs_01094	CDS	783				hypothetical protein
NPL-UPA2_metaspades_Bin_5_2-contigs_01095	CDS	312				hypothetical protein
NPL-UPA2_metaspades_Bin_5_2-contigs_01096	CDS	1374				hypothetical protein
NPL-UPA2_metaspades_Bin_5_2-contigs_01097	CDS	234				hypothetical protein
NPL-UPA2_metaspades_Bin_5_2-contigs_01098	CDS	534				hypothetical protein
NPL-UPA2_metaspades_Bin_5_2-contigs_01099	CDS	720	kdgK	2.7.1.45		2-dehydro-3-deoxygluconokinase
NPL-UPA2_metaspades_Bin_5_2-contigs_01100	CDS	195				hypothetical protein
NPL-UPA2_metaspades_Bin_5_2-contigs_01101	CDS	648	kdgA		COG0800	KHG/KDPG aldolase
NPL-UPA2_metaspades_Bin_5_2-contigs_01102	CDS	378	uxaA	4.2.1.7	COG2721	Altronate dehydratase
NPL-UPA2_metaspades_Bin_5_2-contigs_01103	CDS	1518	putP_2		COG0591	High-affinity proline transporter PutP
NPL-UPA2_metaspades_Bin_5_2-contigs_01104	CDS	1440	menE	6.2.1.26		2-succinylbenzoate--CoA ligase
NPL-UPA2_metaspades_Bin_5_2-contigs_01105	CDS	918	caiC	6.2.1.48		Crotonobetaine/carnitine--CoA ligase
NPL-UPA2_metaspades_Bin_5_2-contigs_01106	CDS	189				hypothetical protein
NPL-UPA2_metaspades_Bin_5_2-contigs_01107	CDS	1812	lepA	3.6.5.-	COG0481	Elongation factor 4
NPL-UPA2_metaspades_Bin_5_2-contigs_01108	CDS	282				hypothetical protein
